序号,代码,名称,最新价,涨跌幅,接待机构数量,接待方式,接待人员,接待地点,接待日期,公告日期
1,300232,洲明科技,7.91,-1.86,70,"特定对象调研,电话会议","董事会秘书 陈一帆,创新业务总经理 刘俊",公司总部会议室,2025-02-07,2025-02-10
2,688039,当虹科技,40.58,19.0,44,电话会议,"董事会秘书 谭亚,研究院负责人 谢亚光",2025年2月7日:电话会议,2025-02-07,2025-02-10
3,605488,福莱新材,34.36,-0.95,34,"现场参观,机构策略会","副总经理、财务负责人、董事会秘书 毕立林,证券事务代表 叶婷婷",天风策略会和公司会议室,2025-02-06,2025-02-10
4,601677,明泰铝业,12.32,0.49,32,电话交流会,,电话交流,2025-02-07,2025-02-10
5,300952,恒辉安防,24.71,-0.92,29,"特定对象调研,电话会议","董事、副总经理、董事会秘书 张武芬,证券事务代表 林旭金",线上会议形式,2025-02-10,2025-02-10
6,603072,天和磁材,35.35,-1.09,26,特定对象调研,"董事、总经理 陈雅,董事、财务总监、董事会秘书 张海潮,董事、副总经理 袁易,董事、副总经理 董义",公司会议室,2025-02-07,2025-02-10
7,839273,一致魔芋,24.46,4.75,26,投资者交流网络会议,董事会秘书 唐华林,网络会议,2025-02-06,2025-02-10
8,832110,雷特科技,32.46,-0.18,22,投资者网络交流会议,"董事会秘书 王华荣,财务总监 傅亮平",进门财经网络会议,2025-02-06,2025-02-10
9,872392,佳合科技,20.39,3.87,19,投资者交流网络会议,董事会秘书 段晓勇,进门财经网络平台,2025-02-07,2025-02-10
10,605599,菜百股份,10.84,-0.18,17,特定对象调研,董事、常务副总经理、董事会秘书 李沄沚,电话会议,2025-02-06,2025-02-10
11,603786,科博达,71.54,-0.15,16,特定对象调研,"董事会秘书 裴振东,证券事务代表 徐萍萍",,2025-01-16,2025-02-10
12,300217,东方电热,4.78,1.7,12,"特定对象调研,线上交流","公司董秘、副总经理 史经洋,公司董事、江苏东方九天总经理 朱晓龙",线上会议,2025-02-07,2025-02-10
13,301379,天山电子,23.3,5.24,9,"特定对象调研,现场参观","董事、副总经理 王嗣缜,副总经理、董事会秘书 叶小翠,总经理办公室负责人 罗欣,证券事务代表 林泽超",公司会议室,2025-02-10,2025-02-10
14,600177,雅戈尔,8.03,0.0,9,"特定对象调研,电话会议","董事会秘书 冯隽,证券事务代表 曹雨超,证券事务助理 林欣",线上,2025-02-06,2025-02-10
15,301387,光大同创,37.62,1.46,8,特定对象调研,董事会秘书 占梦昀,公司会议室,2025-02-10,2025-02-10
16,603786,科博达,71.54,-0.15,4,特定对象调研,"董事会秘书 裴振东,证券事务代表 徐萍萍",,2025-01-08,2025-02-10
17,001222,源飞宠物,16.72,0.42,2,"特定对象调研,线上会议","证券事务代表 方静,证券专员 王薇薇",浙江省平阳县水头镇标准园区宠乐路1号,2025-02-07,2025-02-10
18,002927,泰永长征,13.39,3.72,2,"特定对象调研,现场会议","董事会秘书、财务负责人 韩海凤,证券事务代表 周小菡",深圳市南山区高新中一道长园新材料港F栋4楼会议室,2025-02-07,2025-02-10
19,300016,北陆药业,6.77,5.12,2,特定对象调研,"董事会秘书 邵泽慧,证券事务代表 孙志芳",公司会议室,2025-02-07,2025-02-10
20,688395,正弦电气,18.65,1.08,2,特定对象调研,总经理助理 涂博言,公司会议室,2025-02-07,2025-02-10
21,301608,博实结,76.4,1.37,1,特定对象调研,"董事、财务总监 雷金华,副总经理、董事会秘书 向碧琼,证券事务代表 王占超",公司会议室、线上会议,2025-02-10,2025-02-10
22,002275,桂林三金,13.86,1.09,1,"特定对象调研,线下交流","桂林三金董秘 李春,桂林三金证代 朱烨",会议室,2025-02-09,2025-02-10
23,002728,特一药业,8.5,2.16,1,"媒体采访,邮件","董事、董事会秘书、财务总监、副总经理 陈习良,证券事务代表 徐少华",台山,2025-02-08,2025-02-10
24,002171,楚江新材,8.38,0.6,1,现场参观,"楚江新材董事会秘书 姜鸿文,楚江新材证券事务代表 李旭,楚江新材IR专员 吴寒",安徽楚江科技新材料股份有限公司,2025-02-07,2025-02-10
25,301345,涛涛车业,68.35,1.79,64,"现场参观,电话会议","董事长 曹马涛,董事会秘书、财务总监 孙永,证券事务代表 卢凤鹊",公司现场、电话会议,2025-02-06,2025-02-09
26,300766,每日互动,47.93,20.01,52,"特定对象调研,现场参观","董事长、总经理 方毅,副总经理、董事、CTO 叶新江,副总经理、财务负责人 朱剑敏,副总经理、董事会秘书 王冠鹏",公司展厅、公司会议室,2025-02-07,2025-02-09
27,300846,首都在线,22.22,19.98,35,特定对象调研,"董事、执行总裁 姚巍,董事、副总经理、董事会秘书 杨丽萍",线上会议,2025-02-07,2025-02-09
28,301323,新莱福,40.34,-0.69,31,电话交流会,"董事会秘书 许永刚,副总经理 郭春生,证券事务代表 刘春蕾",线上电话会议,2025-02-07,2025-02-09
29,002749,国光股份,13.75,3.15,4,"特定对象调研,现场调研","国光股份董事会秘书 颜铭,国光股份证券事务代表 李超",公司龙泉办公区,2025-02-07,2025-02-09
30,300113,顺网科技,20.66,3.92,78,特定对象调研,"副总经理、董事会秘书 戎颂怡,经营管理中心总监 韩挺",公司会议室、线上电话会议,2025-02-07,2025-02-08
31,002273,水晶光电,23.32,0.0,69,"特定对象调研,线上电话网络会议","副总经理、董事会秘书 韩莉,IR",,2025-02-07,2025-02-08
32,000600,建投能源,5.48,1.48,26,"特定对象调研,电话会议,现场调研","董事会秘书 孙原,证券事务代表 郭嘉,董事会办公室、投资者关系管理部、资本证券部相关人员",公司会议室,2025-01-15,2025-02-08
33,002469,三维化学,7.6,0.53,21,电话会议,董事会秘书 张军,电话会议,2025-02-07,2025-02-08
34,300676,华大基因,54.18,8.4,9,电话交流会,"总经理 赵立见,副总经理 朱师达,副总经理、财务总监 王玉珏,副总经理、董事会秘书 徐茜,副总经理 杨昀,交付中心负责人 姜丹,IT部副总监 梁伦纲",广东省深圳市盐田区云华路9号华大时空中心会议室,2025-02-07,2025-02-08
35,000425,徐工机械,7.86,2.34,8,特定对象调研,"李栋,刘敏芳",一、徐工体验厅;二、公司211会议室,2025-02-07,2025-02-08
36,300806,斯迪克,18.17,7.07,3,电话,"董事、财务总监、董事会秘书 吴江,证券事务代表 金丹丹",线上,2025-02-08,2025-02-08
37,301028,东亚机械,11.15,-0.62,2,"特定对象调研,现场参观","董事会秘书 韩文浩,证券事务代表 许志涌",厦门东亚机械工业股份有限公司,2025-02-07,2025-02-08
38,000795,英洛华,12.15,-0.33,1,特定对象调研,"董事会秘书 钱英红,证券事务代表 吴美剑",横店,2025-02-07,2025-02-08
39,301022,海泰科,22.26,0.5,1,特定对象调研,财务总监、董事会秘书 梁庭波,线上会议,2025-02-07,2025-02-08
40,301039,中集车辆,9.15,-0.65,1,"路演活动,电话会议","中集车辆副总裁、董事会秘书 毛弋,中集车辆投资者关系总监 陈婉婞,中集车辆CEO办公室高级项目主任 王佳慧,中集车辆投资者关系经理 闫维,中集车辆投资者关系部 朱乐瑶",深圳,2025-02-07,2025-02-08
41,301039,中集车辆,9.15,-0.65,1,"路演活动,线下路演","中集车辆副总裁、董事会秘书 毛弋,中集车辆投资者关系总监 陈婉婞,中集车辆CEO办公室高级项目主任 王佳慧,中集车辆投资者关系经理 闫维,中集车辆投资者关系部 朱乐瑶",深圳,2025-02-06,2025-02-08
42,301550,斯菱股份,112.4,15.58,82,"分析师会议,现场交流","董事长 姜岭,董事会秘书 安娜,证券事务代表 蔡航丽",上海,2025-02-06,2025-02-07
43,300248,新开普,12.09,2.72,41,电话交流会,董事会秘书、副总经理 赵鑫,线上电话会议,2025-02-06,2025-02-07
44,600298,安琪酵母,36.38,1.65,37,特定对象调研,董事会秘书 高路,腾讯电话会议线上交流,2025-02-07,2025-02-07
45,600166,福田汽车,2.46,0.41,24,电话会议,"福田汽车副总经理、新闻发言人 巩海东,福田汽车副总经理、卡文汽车总经理 秦志东,福田汽车副总经理、财务负责人 李庆华,福田汽车业务副总裁、海外事业部总裁 付军,福田汽车董事会秘书 陈维娟,福田汽车财务计划部总监 许莉莉,福田汽车产品管理部总监 李松涛,福田汽车董办副主任、证券事务代表 王桂青",北京,2025-01-26,2025-02-07
46,300488,恒锋工具,32.34,5.79,4,"特定对象调研,线上电话会议","董事、副总经理、董事会秘书 陈子怡,证券事务代表 胡金秋",线上电话会议、公司会议室,2025-02-06,2025-02-07
47,002572,索菲亚,16.23,2.2,3,电话交流会,公司管理层,公司会议室,2025-02-07,2025-02-07
48,300752,隆利科技,19.18,2.51,3,特定对象调研,"副总经理、董事会秘书 刘俊丽,证券事务代表 李姝涵",电话会议,2025-02-07,2025-02-07
49,605086,龙高股份,29.06,2.14,3,现场交流,证券事务代表 黄伟斌,龙岩高岭土股份有限公司,2025-02-06,2025-02-07
50,002916,深南电路,129.2,5.19,2,"特定对象调研,电话,网络会议",战略发展部总监、证券事务代表 谢丹,电话及网络会议,2025-02-07,2025-02-07
51,000951,中国重汽,18.17,0.33,1,特定对象调研,"董事会秘书助理、证券事务代表 张欣,投关专员 胡啸",公司会议室,2025-02-07,2025-02-07
52,001283,豪鹏科技,65.45,3.3,1,特定对象调研,"董事会秘书 陈萍,投资者关系 李方静",公司惠州潼湖会议室,2025-02-07,2025-02-07
53,002536,飞龙股份,13.42,-0.07,1,"特定对象调研,电话会议",副总经理、董事会秘书 谢国楼,飞龙汽车部件股份有限公司董秘室(线上),2025-02-07,2025-02-07
54,688305,科德数控,71.9,0.66,83,"电话会议,网络会议",总经理 陈虎,大连,2025-02-06,2025-02-06
55,300248,新开普,12.09,2.72,43,电话交流会,董事会秘书、副总经理 赵鑫,线上电话会议,2025-02-06,2025-02-06
56,000962,东方钽业,15.08,1.62,23,电话会议,"副总经理、董事会秘书 秦宏武,进出口公司副总经理、销售部副部长 吕建波,财务部副部长 赵靖宁,证券部 孙立喆",电话会议,2025-02-06,2025-02-06
57,300769,德方纳米,35.1,1.77,4,特定对象调研,副总经理、董事会秘书 何艳艳,公司会议室,2025-02-06,2025-02-06
58,002362,汉王科技,27.37,1.6,4,路演活动,副总经理、董事会秘书 周英瑜,进门财经线上路演平台,2025-02-04,2025-02-06
59,600999,招商证券,18.58,0.0,2,"券商策略会,进门财经线上会议",投资者关系工作人员,,2025-01-13,2025-02-06
60,600999,招商证券,18.58,0.0,2,线上调研,投资者关系工作人员,,2025-01-08,2025-02-06
61,002728,特一药业,8.5,2.16,1,"特定对象调研,特一药业线上交流会","董事、董事会秘书、财务总监、副总经理 陈习良,证券事务代表 徐少华",公司二楼会议室,2025-02-06,2025-02-06
62,301276,嘉曼服饰,20.11,0.1,1,特定对象调研,董事会秘书、副总经理 程琳娜,公司会议室,2025-02-06,2025-02-06
63,002223,鱼跃医疗,35.59,-0.7,134,特定对象调研,"董事长、总经理 吴群,副总经理、首席财务官 张勇,董事、董事会秘书 王瑞洁,投资者关系总监 李扬",电话会议,2025-02-04,2025-02-05
64,600745,闻泰科技,36.0,-0.11,112,电话会议,"董事会秘书 高雨,CFO 张彦茹,IR 徐国靖",线上电话会议,2025-01-17,2025-02-05
65,002886,沃特股份,17.9,-1.27,58,路演活动,"董事会秘书、副总经理 张亮,证券事务代表 李燕开",线上电话会议,2025-02-05,2025-02-05
66,300226,上海钢联,26.87,6.29,38,其他,"董事会秘书、财务总监 李勇胜,首席技术官 郭君",电话会议及其他,2025-02-05,2025-02-05
67,600487,亨通光电,16.02,-0.06,34,"线上及线下交流会,说明会,策略会","董事长 崔巍,总经理 张建峰,董事会秘书 顾怡倩,财务总监 吴燕,董事会办公室 王志超",,2025-01-27,2025-02-05
68,688668,鼎通科技,48.38,0.75,5,"特定对象调研,现场参观","董事长、总经理 王成海,董事会秘书 王晓兰,财务总监 陈公平,证券代表 严梦婷",现场调研公司会议室,2025-01-09,2025-02-05
69,688668,鼎通科技,48.38,0.75,2,"特定对象调研,现场参观","董事长、总经理 王成海,董事会秘书 王晓兰,财务总监 陈公平,证券代表 严梦婷",现场调研公司会议室,2025-01-14,2025-02-05
70,688668,鼎通科技,48.38,0.75,2,"特定对象调研,现场参观","董事长、总经理 王成海,董事会秘书 王晓兰,财务总监 陈公平,证券代表 严梦婷",现场调研公司会议室,2025-01-10,2025-02-05
71,000625,长安汽车,14.18,4.73,1,特定对象调研,证券事务代表 揭中华,公司会议室,2025-02-05,2025-02-05
72,688008,澜起科技,72.61,0.36,250,电话会议,公司董事会秘书 傅晓等,通过电话会议形式接待调研,2025-01-23,2025-01-27
73,301308,江波龙,88.39,1.18,91,电话会议,"副总经理、董事会秘书 许刚翎,投资者关系经理 黄琦",电话会议,2025-01-26,2025-01-27
74,688522,纳睿雷达,58.31,0.69,62,线上会议,"副总经理、董事会秘书 龚雪华,证券事务专员 冯晓茵",线上会议,2025-01-24,2025-01-27
75,688733,壹石通,20.04,2.87,38,"分析师会议,业绩说明会,电话会议","副总经理、财务总监 张月月,营销总监 张华,董事会秘书 邵森",,2025-01-24,2025-01-27
76,603505,金石资源,24.24,-2.92,28,"线上,线下调研","副总经理、董事会秘书 戴水君,证券事务代表 张钧惠",,2025-01-17,2025-01-27
77,603358,华达科技,33.76,-0.94,18,路演活动,"总经理 葛江宏,董事长助理 陈家卓,证券代表、投资者关系总监 王静",东吴证券会议室等,2025-01-13,2025-01-27
78,839273,一致魔芋,24.46,4.75,15,投资者交流网络会议,董事会秘书 唐华林,进门财经网络会议,2025-01-25,2025-01-27
79,600176,中国巨石,11.33,1.34,8,其他,,,2025-01-13,2025-01-27
80,688539,高华科技,25.7,-0.85,7,特定对象调研,"董事会秘书 陈新,证券事务代表 杨帅,证券事务专员 周睿",南京经济技术开发区栖霞大道66号高华科技5楼505会议室,2025-01-22,2025-01-27
81,600990,四创电子,24.48,6.2,7,"现场参观,其他","副总经理、董事会秘书 王向新,证券投资部副主任、证券事务代表 梁建,证券事务专员 范云鹤",公司展厅、第二会议室,2025-01-15,2025-01-27
82,000425,徐工机械,7.86,2.34,4,特定对象调研,"李栋,刘敏芳",一、公司612会议室;二、徐工矿机,2025-01-22,2025-01-27
83,688368,晶丰明源,91.54,2.93,3,特定对象调研,董事会秘书 张漪萌,上海市浦东新区申江路5005弄3号楼10层,2025-01-22,2025-01-27
84,002008,大族激光,27.18,0.3,2,"特定对象调研,现场参观,电话会议,分析师会议","管理与决策委员会副主任、董事会秘书 杜永刚,证券事务代表 王琳","上海香格里拉大酒店,公司会议室",2025-01-27,2025-01-27
85,000425,徐工机械,7.86,2.34,2,特定对象调研,"李栋,刘敏芳",一、公司612会议室;二、徐工体验厅,2025-01-23,2025-01-27
86,002008,大族激光,27.18,0.3,1,"特定对象调研,现场参观,电话会议,分析师会议","管理与决策委员会副主任、董事会秘书 杜永刚,证券事务代表 王琳","上海香格里拉大酒店,公司会议室",2025-01-26,2025-01-27
87,002008,大族激光,27.18,0.3,1,"特定对象调研,现场参观,电话会议,分析师会议","管理与决策委员会副主任、董事会秘书 杜永刚,证券事务代表 王琳","上海香格里拉大酒店,公司会议室",2025-01-24,2025-01-27
88,002008,大族激光,27.18,0.3,1,"特定对象调研,现场参观,电话会议,分析师会议","管理与决策委员会副主任、董事会秘书 杜永刚,证券事务代表 王琳","上海香格里拉大酒店,公司会议室",2025-01-23,2025-01-27
89,000425,徐工机械,7.86,2.34,1,特定对象调研,"李栋,刘敏芳",一、公司612会议室;二、徐工体验厅,2025-01-21,2025-01-27
90,002008,大族激光,27.18,0.3,1,"特定对象调研,现场参观,电话会议,分析师会议","管理与决策委员会副主任、董事会秘书 杜永刚,证券事务代表 王琳","上海香格里拉大酒店,公司会议室",2025-01-21,2025-01-27
91,002008,大族激光,27.18,0.3,1,"特定对象调研,现场参观,电话会议,分析师会议","管理与决策委员会副主任、董事会秘书 杜永刚,证券事务代表 王琳","上海香格里拉大酒店,公司会议室",2025-01-20,2025-01-27
92,002008,大族激光,27.18,0.3,1,"特定对象调研,现场参观,电话会议,分析师会议","管理与决策委员会副主任、董事会秘书 杜永刚,证券事务代表 王琳","上海香格里拉大酒店,公司会议室",2025-01-13,2025-01-27
93,300308,中际旭创,110.62,2.63,102,电话会议,"公司副总裁、财务总监 王晓丽,公司副总裁、董事会秘书 王军",,2025-01-26,2025-01-26
94,002841,视源股份,40.46,0.97,74,"特定对象调研,电话会议","董事长 王洋,财务负责人 胡利华,董事会秘书 费威",公司会议室,2025-01-24,2025-01-26
95,300779,惠城环保,93.06,-0.65,39,电话会议,"首席技术官 张新功,董事会秘书 茹凡",电话会议,2025-01-26,2025-01-26
96,300456,赛微电子,18.11,2.66,2,"特定对象调研,现场参观","董事会秘书、财务总监 张阿斌,投资者关系助理 甘世延",赛微电子北京MEMS产业基地会议室,2025-01-24,2025-01-25
97,603236,移远通信,87.9,-2.42,51,特定对象调研,"董事会秘书 郑雷,产品部副总经理 孙延明",线上会议,2025-01-23,2025-01-24
98,300049,福瑞股份,35.95,8.06,43,业绩说明会,董事会秘书 孙秀珍,线上会议,2025-01-23,2025-01-24
99,688777,中控技术,58.16,3.71,42,"特定对象调研,分析师会议,券商策略会","副总裁、董事会秘书、财务负责人 房永生,证券部副总经理 钟菲,高级证券事务经理 王帆","线上:电话会议,线下:浙江省杭州市滨江区六和路309号中控科技园会议室",2025-01-14,2025-01-24
100,300212,易华录,25.3,4.2,41,业绩说明会,"董事、总裁 肖益,董事、财务总监、董事会秘书 满孝国,副总裁 谷桐宇,副总裁 梁敏燕,证券投资部总经理 蒋帆",电话会议,2025-01-24,2025-01-24
101,688433,华曙高科,25.98,-1.55,29,特定对象调研,"董事、副总经理、董事会秘书 刘一展,证券事务代表 易钧栎",湖南华曙高科技股份有限公司会议室,2025-01-22,2025-01-24
102,601009,南京银行,10.5,-0.47,28,线上、线下调研,,,2025-01-16,2025-01-24
103,600702,舍得酒业,55.77,1.05,24,路演活动,"董事会秘书 张伟,董秘办主任助理 陈阳",公司会议室+线上会议,2025-01-24,2025-01-24
104,301009,可靠股份,11.21,2.0,20,"电话会议,线上会议","副总经理、财务总监 李超楠,资本运营总监 王向亭,证券投资经理、证券事务代表 周敏",电话会议、线上会议,2025-01-24,2025-01-24
105,002457,青龙管业,12.18,0.66,20,"线上交流,路演活动","证券事务代表 王天骄,证券事务专员 陈雨琪",公司会议室,2025-01-23,2025-01-24
106,300470,中密控股,35.83,-1.48,19,特定对象调研,"董事、总经理 陈虹,董事会秘书 沈小华,董事会办公室主任、证券事务代表 梁玉韬",公司四楼会议室、线上会议,2025-01-24,2025-01-24
107,000543,皖能电力,7.11,-1.25,15,"特定对象调研,线上会议","李天圣,张增智,董佳文",公司,2025-01-24,2025-01-24
108,688307,中润光学,27.47,0.44,15,电话会议,公司董事、董事会秘书、副总经理 张杰,公司会议室,2025-01-23,2025-01-24
109,000538,云南白药,57.28,-0.38,12,"特定对象调研,现场参观","证券事务代表 李孟珏,投资者关系管理 张昱,杨可欣,信息披露岗 余洋",集团总部白药空间,2025-01-23,2025-01-24
110,002376,新北洋,7.0,1.74,11,"特定对象调研,线上交流","董事会秘书 康志伟,证券事务代表 倪赛君",线上交流,2025-01-23,2025-01-24
111,688257,新锐股份,17.56,-0.51,10,"特定对象调研,路演活动","董事长、总裁 吴何洪,董事、副总裁、董事会秘书 袁艾,证券事务代表 魏瑞瑶",上海,2025-01-20,2025-01-24
112,301413,安培龙,88.24,1.31,9,"特定对象调研,现场参观,网络会议","副总经理、董事会秘书 张延洪,证券事务代表、投资者关系经理 彭碧泳",公司会议室,2025-01-20,2025-01-24
113,301413,安培龙,88.24,1.31,9,"特定对象调研,现场参观,网络会议","副总经理、董事会秘书 张延洪,证券事务代表、投资者关系经理 彭碧泳",公司会议室,2025-01-13,2025-01-24
114,300682,朗新集团,12.24,4.97,8,"特定对象调研,电话会议","董事会秘书 王慎勇,投资者关系总监 王彬彬,投资者关系总监 李凌芳,证券事务代表 王利",电话会议,2025-01-24,2025-01-24
115,002595,豪迈科技,49.19,-0.69,8,特定对象调研,证券事务代表 赵倩倩,豪迈科技公司接待室,2025-01-22,2025-01-24
116,301413,安培龙,88.24,1.31,8,"特定对象调研,现场参观,网络会议","副总经理、董事会秘书 张延洪,证券事务代表、投资者关系经理 彭碧泳",公司会议室,2025-01-15,2025-01-24
117,600976,健民集团,42.64,-0.61,8,特定对象调研,"公司副董事长 许良,公司董事、总裁 汪俊,董事会秘书 周捷,证券事务代表 曹洪,证券事务助理 王淼",公司会议室及线上会议系统,2025-01-13,2025-01-24
118,002127,南极电商,4.93,3.79,7,特定对象调研,董事会秘书 朱星毓,公司会议室,2025-01-23,2025-01-24
119,002171,楚江新材,8.38,0.6,7,现场参观,"楚江新材董事会秘书 姜鸿文,楚江新材证券事务代表 李旭,楚江新材IR专员 吴寒",安徽楚江科技新材料股份有限公司,2025-01-23,2025-01-24
120,301413,安培龙,88.24,1.31,7,"特定对象调研,现场参观,网络会议","副总经理、董事会秘书 张延洪,证券事务代表、投资者关系经理 彭碧泳",公司会议室,2025-01-14,2025-01-24
121,688282,*ST导航,34.2,0.91,6,特定对象调研,"副总经理、董事会秘书 沈军,证券事务代表 国辉",公司会议室,2025-01-23,2025-01-24
122,688150,莱特光电,20.91,-0.1,6,"特定对象调研,电话会议","董事会秘书 潘香婷,投资者关系专员 张尊睿",线上,2025-01-22,2025-01-24
123,603071,物产环能,12.7,0.47,6,特定对象调研,"副总经理、董事会秘书 王竹青,证券事务代表 朱磊倩,投资者关系管理 徐越峰",公司15楼会议室,2025-01-20,2025-01-24
124,301413,安培龙,88.24,1.31,5,"特定对象调研,现场参观,网络会议","副总经理、董事会秘书 张延洪,证券事务代表、投资者关系经理 彭碧泳",腾讯会议,2025-01-17,2025-01-24
125,688160,步科股份,84.2,6.03,5,"现场参观,电话会议","董事会秘书 刘耘,证券事务代表 邵凯真","腾讯会议,深圳市南山区意中利科技园1号3楼",2025-01-17,2025-01-24
126,688777,中控技术,58.16,3.71,5,"特定对象调研,分析师会议,现场调研","副总裁、董事会秘书、财务负责人 房永生,证券部副总经理 钟菲,高级证券事务经理 王帆","线上:电话会议,线下:浙江省杭州市滨江区六和路309号中控科技园会议室",2025-01-16,2025-01-24
127,603927,中科软,22.77,1.02,5,特定对象调研,"董事会秘书 蔡宏,证券部经理 郧文龙,IR 王晨",现场调研、电话会议,2025-01-09,2025-01-24
128,301001,凯淳股份,36.95,-0.59,4,特定对象调研,董事会秘书 钱燕,公司会议室,2025-01-23,2025-01-24
129,301413,安培龙,88.24,1.31,4,"特定对象调研,现场参观,网络会议","副总经理、董事会秘书 张延洪,证券事务代表、投资者关系经理 彭碧泳",腾讯会议,2025-01-22,2025-01-24
130,688777,中控技术,58.16,3.71,4,"特定对象调研,分析师会议,券商策略会","副总裁、董事会秘书、财务负责人 房永生,证券部副总经理 钟菲,高级证券事务经理 王帆","线上:电话会议,线下:浙江省杭州市滨江区六和路309号中控科技园会议室",2025-01-09,2025-01-24
131,301413,安培龙,88.24,1.31,4,"特定对象调研,现场参观,网络会议","副总经理、董事会秘书 张延洪,证券事务代表、投资者关系经理 彭碧泳",公司会议室,2025-01-08,2025-01-24
132,000625,长安汽车,14.18,4.73,3,特定对象调研,证券事务代表 揭中华,公司会议室,2025-01-24,2025-01-24
133,301596,瑞迪智驱,159.01,14.33,3,"特定对象调研,现场参观",董事、董事会秘书、副总经理 刘兰,成都市双流区西航港大道中四段909号,2025-01-24,2025-01-24
134,688102,斯瑞新材,9.4,0.0,3,"特定对象调研,现场参观,现场","董事会秘书 徐润升,证券事务代表 王磊",公司会议室,2025-01-24,2025-01-24
135,000725,京东方A,4.51,-0.66,3,"特定对象调研,电话会议","证券事务代表 罗文捷,董事会秘书室工作人员 李柰",电话会议,2025-01-23,2025-01-24
136,600184,光电股份,11.25,4.36,3,"特定对象调研,现场参观","财务总监、董事会秘书 袁勇,证券事务代表、证券管理部部长 籍俊花,投关主管 柳放,韩倩玉",公司第二会议室,2025-01-23,2025-01-24
137,301413,安培龙,88.24,1.31,3,"特定对象调研,现场参观,网络会议","副总经理、董事会秘书 张延洪,证券事务代表、投资者关系经理 彭碧泳",公司会议室,2025-01-16,2025-01-24
138,600976,健民集团,42.64,-0.61,3,特定对象调研,"公司副董事长 许良,公司董事、总裁 汪俊,董事会秘书 周捷,证券事务代表 曹洪,证券事务助理 王淼",公司会议室及线上会议系统,2025-01-10,2025-01-24
139,002561,徐家汇,8.75,3.92,2,特定对象调研,"庞维聆,谢云晴,陆裔宸",公司会议室,2025-01-24,2025-01-24
140,301413,安培龙,88.24,1.31,2,"特定对象调研,现场参观,网络会议","副总经理、董事会秘书 张延洪,证券事务代表、投资者关系经理 彭碧泳",公司会议室,2025-01-23,2025-01-24
141,600163,中闽能源,5.35,-3.6,2,特定对象调研,"董事会秘书 纪志国,证券事务 赖琳",中闽能源股份有限公司会议室,2025-01-23,2025-01-24
142,301596,瑞迪智驱,159.01,14.33,2,"特定对象调研,现场参观",董事、董事会秘书、副总经理 刘兰,成都市双流区西航港大道中四段909号,2025-01-22,2025-01-24
143,301413,安培龙,88.24,1.31,2,"特定对象调研,现场参观,网络会议","副总经理、董事会秘书 张延洪,证券事务代表、投资者关系经理 彭碧泳",公司会议室,2025-01-21,2025-01-24
144,600976,健民集团,42.64,-0.61,2,特定对象调研,"公司副董事长 许良,公司董事、总裁 汪俊,董事会秘书 周捷,证券事务代表 曹洪,证券事务助理 王淼",公司会议室及线上会议系统,2025-01-15,2025-01-24
145,600976,健民集团,42.64,-0.61,2,特定对象调研,"公司副董事长 许良,公司董事、总裁 汪俊,董事会秘书 周捷,证券事务代表 曹洪,证券事务助理 王淼",公司会议室及线上会议系统,2025-01-09,2025-01-24
146,000030,富奥股份,5.37,-0.74,1,"特定对象调研,座谈","董事会秘书 李延军,研发中心副主任 李伟,预算分析主管 张嘉琳,综合事务主管 沈相君",富奥汽车零部件股份有限公司,2025-01-24,2025-01-24
147,002142,宁波银行,25.28,0.16,1,"特定对象调研,电话会议",公司投关团队,电话会议,2025-01-24,2025-01-24
148,000898,鞍钢股份,2.45,2.08,1,"特定对象调研,实地调研",鞍钢股份 高红宇,鞍山市,2025-01-23,2025-01-24
149,300902,国安达,18.3,1.44,1,电话会议,"董事长、总经理 洪伟艺,董事、副总经理、董事会秘书 洪清泉,高级顾问 连剑生",电话会议,2025-01-23,2025-01-24
150,600369,西南证券,4.55,0.44,1,"特定对象调研,现场调研","公司证券事务代表、董事会办公室主任,董事会办公室主任助理,投资者关系管理岗",公司38楼会议室,2025-01-23,2025-01-24
151,300080,易成新能,4.19,1.7,1,现场参观,"易成新能党委书记、董事长 杜永红,易成新能副总裁、董事会秘书 常兴华,易成新能副总裁 陈炯明,易成新能一级经济师 吕晓斌,易成新能副总经济师 裴津峰",河南郑州,2025-01-17,2025-01-24
152,688167,炬光科技,74.31,0.91,218,电话会议,"董事长、总经理 刘兴胜,董事会秘书、市场总监 张雪峰,董事、财务总监 叶一萍,并购相关业务的主要负责人",西安炬光科技股份有限公司(电话会议),2025-01-22,2025-01-23
153,003006,百亚股份,23.37,3.27,133,投资者电话会议,"营销总 曹业林,董事会秘书、财务总 张黎",电话会议,2025-01-22,2025-01-23
154,300806,斯迪克,18.17,7.07,64,电话,"董事长、总经理 金闯,董事、副总经理 杨比,董事、财务总监、董事会秘书 吴江,证券事务代表 金丹丹",线上,2025-01-22,2025-01-23
155,688181,八亿时空,31.7,1.18,35,特定对象调研,"副总经理、董事会秘书 薛秀媛,副总经理 蒋明远",线上及线下会议,2025-01-17,2025-01-23
156,002457,青龙管业,12.18,0.66,30,"线上交流,路演活动,电话交流","证券事务代表 王天骄,证券事务专员 陈雨琪",公司会议室,2025-01-23,2025-01-23
157,300153,科泰电源,16.49,0.92,20,"特定对象调研,现场参观",董事会秘书 徐坤,线上会议及上海市青浦区天辰路1633号,2025-01-22,2025-01-23
158,000970,中科三环,11.2,0.18,19,特定对象调研,"田文斌,包海林",北京(电话会议),2025-01-23,2025-01-23
159,300752,隆利科技,19.18,2.51,19,特定对象调研,"副总经理、董事会秘书 刘俊丽,证券事务代表 李姝涵",电话会议,2025-01-23,2025-01-23
160,300433,蓝思科技,27.66,0.66,17,"特定对象调研,现场参观","副总经理、董事会秘书 江南,证券事务代表 周天舒,证券投资部高级经理 李源",长沙县黄花镇漓湘东路319号蓝思科技办公大楼,2025-01-22,2025-01-23
161,000333,美的集团,73.01,-0.59,13,分析师会议,公司管理层,公司,2025-01-23,2025-01-23
162,688288,鸿泉物联,21.17,3.93,11,"特定对象调研,现场参观,电话会议",董事会秘书 章旭健,杭州,2025-01-17,2025-01-23
163,301185,鸥玛软件,19.52,3.66,9,特定对象调研,"董事会秘书、财务总监 马克,董事、副总经理 张华英,证券事务代表 张杉",公司会议室,2025-01-23,2025-01-23
164,002028,思源电气,77.19,-1.15,7,特定对象调研,董事会秘书、财务总监 杨哲嵘,公司会议室,2025-01-20,2025-01-23
165,000519,中兵红箭,15.16,5.13,6,"特定对象调研,现场参观,业绩说明会","董事会秘书、财务总监 赵德良,副总经理 刘乾坤,中南钻石有限公司总会计师 毕占勇,河南北方红阳机电有限公司副总经理 杨东,证券事务部部长、证券事务代表 王新华,民品发展部副部长 张国凯,证券事务部副部长 周颖,证券事务部 张怡",河南省南阳市仲景北路1669号中南钻石院内二楼会议室,2025-01-23,2025-01-23
166,002811,郑中设计,10.04,-1.47,6,特定对象调研,"副总经理、董事会秘书 王小颖,证券事务代表 梁欢欢",公司会议室,2025-01-23,2025-01-23
167,300451,创业慧康,5.94,20.0,6,投资者交流会,"董事长 张吕峥,董事、董事会秘书 胡燕",电话会议,2025-01-22,2025-01-23
168,688552,航天南湖,19.32,7.33,6,"特定对象调研,现场,电话会议","副总经理、董事会秘书 贺民,证券事务代表 肖小红",,2025-01-21,2025-01-23
169,688789,宏华数科,69.82,2.87,6,"特定对象调研,现场参观","董事会秘书 俞建利,证券事务代表 胡静",公司会议室,2025-01-18,2025-01-23
170,300537,广信材料,17.7,1.32,5,"特定对象调研,现场参观","董事会秘书 张启斌,董事 刘光耀",江西广臻2楼会议室、腾讯会议,2025-01-23,2025-01-23
171,002138,顺络电子,32.11,1.13,4,"特定对象调研,现场会议","董事会秘书 任怡,证券事务代表 张易弛",公司会议室,2025-01-22,2025-01-23
172,002273,水晶光电,23.32,0.0,4,"特定对象调研,线上及线下调研","副总经理、董事会秘书 韩莉,IR",,2025-01-21,2025-01-23
173,300515,三德科技,15.39,0.2,3,"特定对象调研,现场参观","副总经理、董事会秘书 唐芳东,法务专员 刘敏",公司会议室、产品体验中心,2025-01-23,2025-01-23
174,301361,众智科技,30.07,0.97,3,特定对象调研,"董事会秘书 邓艳峰,市场总监 姚关保,证券事务代表 孙哲","郑州高新区雪梅街28号,公司会议室",2025-01-22,2025-01-23
175,002966,苏州银行,7.6,-1.43,3,"特定对象调研,现场会议","董事会秘书 朱敏军,计划财务部总经理助理 沈若弢,风险管理部和董事会办公室相关人员",苏州银行总行12楼会议室,2025-01-21,2025-01-23
176,301600,慧翰股份,187.76,0.3,2,"特定对象调研,现场参观","冯静,潘敏涛,金少明",1#楼5层会议室(一),2025-01-22,2025-01-23
177,600664,哈药股份,3.91,2.09,2,分析师会议,"副总裁、财务负责人、董事会秘书 孟晓东,董事会办公室主任、证券事务代表 马昆宇",现场会议,2025-01-22,2025-01-23
178,600829,人民同泰,7.77,4.02,2,特定对象调研,"董事会秘书 王磊,董事会办公室工作人员 曲睿,杨雪晨",公司七楼会议室,2025-01-22,2025-01-23
179,000030,富奥股份,5.37,-0.74,1,"电话会议,线上电话会议","董事会秘书 李延军,研发中心副主任 李伟,财务控制部(董事会办公室)部长助理 刘畅,市场营销部(海外事业部)营销信息业务主任 冯沙,证券事务代表 刘岩",富奥汽车零部件股份有限公司,2025-01-23,2025-01-23
180,300179,四方达,10.08,2.34,1,特定对象调研,"董事会秘书 刘海兵,财务总监 李炎臻,证券事务代表 杨易硕",四方达,2025-01-23,2025-01-23
181,000985,大庆华科,20.42,7.02,1,视频会议,"董事会秘书 孟凡礼,证券事务代表 崔凤玲",视频会议,2025-01-22,2025-01-23
182,002003,伟星股份,13.94,-0.99,1,电话会议,谢瑾琨等,,2025-01-22,2025-01-23
183,002372,伟星新材,12.2,-0.08,1,特定对象调研,"谭梅,李晓明,章佳佳,陈银琼",公司会议室,2025-01-22,2025-01-23
184,002469,三维化学,7.6,0.53,1,特定对象调研,"董事会秘书 张军,证券事务代表 刘财,证券法务部 鲁湘怡",山东三维化学集团股份有限公司总部,2025-01-22,2025-01-23
185,002884,凌霄泵业,17.77,0.34,1,特定对象调研,"董事会秘书 刘子庚,证券事务代表 邱燕妃",线上交流,2025-01-22,2025-01-23
186,301368,丰立智能,64.58,-2.39,240,"特定对象调研,线上交流,线下交流",副总经理、董事会秘书 于玲娟,浙江丰立智能科技股份有限公司,2025-01-13,2025-01-22
187,300037,新宙邦,34.56,1.41,180,电话会议,"董事长 覃九三,董事会秘书 贺靖策",电话会议,2025-01-21,2025-01-22
188,000157,中联重科,7.09,0.57,50,"路演活动,线下","联席总裁 王永祥,助理总裁 任会礼,董事会秘书 陶兆波,农机营销总公司总经理 苏敏等",长沙,2025-01-20,2025-01-22
189,688707,振华新材,10.83,0.28,36,特定对象调研,"副总经理、董事会秘书 王敬,总会计师 刘进",线上,2025-01-20,2025-01-22
190,300124,汇川技术,68.28,-1.04,34,"特定对象调研,电话会议,券商策略会","董事、副总裁、董事会秘书 宋君恩,投资者关系总监 王兴苒,投资者关系经理 张键明","线上:电话会议,线下:深圳市龙华区观澜高新技术产业园汇川技术总部大厦、苏州市吴中区天鹅荡路汇川技术B区",2025-01-14,2025-01-22
191,688382,益方生物,13.14,-1.2,32,特定对象调研,董事会秘书 YUEHENG JIANG,公司会议室、线上会议,2025-01-09,2025-01-22
192,300986,志特新材,14.6,7.27,31,特定对象调研,董事会秘书 黄萍,电话会议、腾讯会议,2025-01-21,2025-01-22
193,688255,凯尔达,40.68,3.43,31,"特定对象调研,现场参观","董事长 侯润石(参加部分场次),董事、总经理 杨晓(参加部分场次),董事会秘书 陈显芽(参加部分场次),控股子公司杭州凯维力传感科技有限公司总经理 董林玺(参加部分场次)",线下会议室,2025-01-20,2025-01-22
194,002867,周大生,12.36,0.73,30,"特定对象调研,电话会议","董事会秘书、副总经理 何小林,证券事务代表 周晓达,荣欢",总部会议室、线上,2025-01-21,2025-01-22
195,832978,开特股份,19.83,1.95,30,特定对象调研,董事会秘书 李元志,进门财经网络平台,2025-01-21,2025-01-22
196,300435,中泰股份,12.22,2.69,27,特定对象调研,"董事会秘书 周娟萍,证券事务代表 凌诗轶",公司会议室——线上会议,2025-01-22,2025-01-22
197,300124,汇川技术,68.28,-1.04,25,"特定对象调研,电话会议,券商策略会","董事、副总裁、董事会秘书 宋君恩,投资者关系总监 王兴苒,投资者关系经理 张键明","线上:电话会议,线下:深圳市龙华区观澜高新技术产业园汇川技术总部大厦、苏州市吴中区天鹅荡路汇川技术B区",2025-01-08,2025-01-22
198,688322,奥比中光,59.1,-1.5,24,"现场参观,路演活动,电话会议","董事会秘书 靳尚,IR 张倍宁",,2025-01-21,2025-01-22
199,300124,汇川技术,68.28,-1.04,23,"特定对象调研,电话会议,券商策略会","董事、副总裁、董事会秘书 宋君恩,投资者关系总监 王兴苒,投资者关系经理 张键明","线上:电话会议,线下:深圳市龙华区观澜高新技术产业园汇川技术总部大厦、苏州市吴中区天鹅荡路汇川技术B区",2025-01-09,2025-01-22
200,600733,北汽蓝谷,9.13,4.34,18,"路演活动,分析师会议,现场参观","董事会秘书 赵冀,证券事务代表 董骁,资本市场管理主管 王亚楠",公司会议室,2025-01-22,2025-01-22
201,605056,咸亨国际,14.03,0.21,17,"券商策略会,电话会议","副总经理 张长瑞,财务总监 丁一彬,董事会秘书 叶兴波,证券事务代表 张满",公司办公室,2025-01-20,2025-01-22
202,688525,佰维存储,64.93,0.71,17,特定对象调研,"公司管理层,董办工作人员",佰维存储三楼会议室,2025-01-15,2025-01-22
203,600380,健康元,11.13,0.82,15,"特定对象调研,现场调研","董事会秘书 朱一帆,董事会办公室主任、证券事务代表 李洪涛,证券事务代表 罗逍,投资者关系经理 刘洋",线上接入、现场调研,2025-01-21,2025-01-22
204,603667,五洲新春,44.12,-5.12,14,现场参观,董事会秘书 彭耀辉,现场会议,2025-01-21,2025-01-22
205,300989,蕾奥规划,14.7,2.23,13,现场参观,"董事、副总经理、董事会秘书、财务总监 金铖,投资者关系管理专员 庄娟",深圳市福田区深圳国际创新中心C座21层公司展厅及会议室,2025-01-21,2025-01-22
206,003016,欣贺股份,7.4,2.78,12,电话会议,"董事会秘书、副总经理 朱晓峰,IR 田志航",公司会议室,2025-01-22,2025-01-22
207,300718,长盛轴承,68.0,-2.65,12,特定对象调研,"董事会秘书 何寅,证券事务代表 颜希勇",公司会议室,2025-01-22,2025-01-22
208,002127,南极电商,4.93,3.79,11,"特定对象调研,分析师会议,路演活动","董事、副总经理 陈虹宇,董事会秘书 朱星毓",电话会议、基金会议室,2025-01-19,2025-01-22
209,688059,华锐精密,49.04,3.24,10,特定对象调研,董事会秘书、财务总监 段艳兰,株洲市芦淞区创业二路68号,2025-01-21,2025-01-22
210,603667,五洲新春,44.12,-5.12,10,现场参观,董事会秘书 彭耀辉,现场会议,2025-01-17,2025-01-22
211,688368,晶丰明源,91.54,2.93,10,"特定对象调研,反路演活动",董事长、总经理 胡黎强,机构反路演、公司,2025-01-16,2025-01-22
212,688139,海尔生物,32.62,-0.58,9,"特定对象调研,电话会议,现场会议","董事会秘书 黄艳莉,证券事务代表 刘向青",,2025-01-21,2025-01-22
213,001206,依依股份,20.67,1.47,7,特定对象调研,"董事会秘书、财务总监 周丽娜,证券事务代表 张贝贝,证券事务专员 杨一木",天津市依依卫生用品股份有限公司会议室,2025-01-22,2025-01-22
214,300993,玉马科技,10.86,0.74,7,"电话采访,电话会议","副总经理、董事会秘书 杨金玉,证券事务代表 王云雪",公司会议室,2025-01-21,2025-01-22
215,300016,北陆药业,6.77,5.12,6,特定对象调研,证券事务代表 孙志芳,电话会议,2025-01-21,2025-01-22
216,688626,翔宇医疗,32.9,3.13,6,路演活动,董秘助理 史晓夏,上海凯宾斯基大酒店会议室,2025-01-08,2025-01-22
217,300358,楚天科技,7.11,2.45,4,"特定对象调研,现场参观","董事会秘书 黄玉婷,证券事务代表 周德伟",公司会议室,2025-01-22,2025-01-22
218,600380,健康元,11.13,0.82,4,"特定对象调研,现场调研","董事会秘书 朱一帆,董事会办公室主任、证券事务代表 李洪涛,证券事务代表 罗逍,投资者关系经理 刘洋",线上接入、现场调研,2025-01-16,2025-01-22
219,600380,健康元,11.13,0.82,4,"特定对象调研,线上接入","董事会秘书 朱一帆,董事会办公室主任、证券事务代表 李洪涛,证券事务代表 罗逍,投资者关系经理 刘洋",线上接入、现场调研,2025-01-15,2025-01-22
220,601677,明泰铝业,12.32,0.49,3,现场调研,,郑州市,2025-01-20,2025-01-22
221,600380,健康元,11.13,0.82,3,"特定对象调研,现场调研","董事会秘书 朱一帆,董事会办公室主任、证券事务代表 李洪涛,证券事务代表 罗逍,投资者关系经理 刘洋",线上接入、现场调研,2025-01-17,2025-01-22
222,300806,斯迪克,18.17,7.07,2,特定对象调研,"董事、财务总监、董事会秘书 吴江,证券事务代表 金丹丹",江苏省太仓市青岛西路11号,2025-01-22,2025-01-22
223,002132,恒星科技,2.83,1.43,2,"特定对象调研,现场参观","公司董事会秘书、副总经理 张召平,公司证券事务代表 谢建红",公司会议室,2025-01-21,2025-01-22
224,002859,洁美科技,20.07,-0.05,2,特定对象调研,"董事、董事会秘书 张君刚,投资者关系助理 李彦霖",浙江省杭州市拱墅区大关路100号绿地中央广场10幢24层会议室,2025-01-21,2025-01-22
225,300124,汇川技术,68.28,-1.04,2,"特定对象调研,电话会议,券商策略会,现场调研","董事、副总裁、董事会秘书 宋君恩,投资者关系总监 王兴苒,投资者关系经理 张键明","线上:电话会议,线下:深圳市龙华区观澜高新技术产业园汇川技术总部大厦、苏州市吴中区天鹅荡路汇川技术B区",2025-01-21,2025-01-22
226,301196,唯科科技,35.58,-0.14,2,"特定对象调研,现场参观,电话会议","董事会秘书、副总经理 罗建文,证券事务代表 魏贞",公司会议室,2025-01-21,2025-01-22
227,603711,香飘飘,14.83,2.77,2,"特定对象调研,现场","董事会秘书、财务总监 邹勇坚,证券事务代表 李菁颖",浙江省杭州市新天地商务中心望座西楼13楼,2025-01-20,2025-01-22
228,600380,健康元,11.13,0.82,2,"特定对象调研,线上接入","董事会秘书 朱一帆,董事会办公室主任、证券事务代表 李洪涛,证券事务代表 罗逍,投资者关系经理 刘洋",线上接入、现场调研,2025-01-14,2025-01-22
229,000338,潍柴动力,14.09,-0.14,1,特定对象调研,"王丽,李婷婷",公司科技大楼会议室,2025-01-22,2025-01-22
230,000521,长虹美菱,8.01,0.63,1,特定对象调研,"副总裁、董事会秘书 李霞,证券事务主管 肖莉",公司行政中心二号会议室,2025-01-22,2025-01-22
231,000598,兴蓉环境,7.08,-0.42,1,特定对象调研,"刘杰,梁一谷",成都市兴蓉环境股份有限公司,2025-01-22,2025-01-22
232,300124,汇川技术,68.28,-1.04,1,"特定对象调研,电话会议,券商策略会","董事、副总裁、董事会秘书 宋君恩,投资者关系总监 王兴苒,投资者关系经理 张键明","线上:电话会议,线下:深圳市龙华区观澜高新技术产业园汇川技术总部大厦、苏州市吴中区天鹅荡路汇川技术B区",2025-01-22,2025-01-22
233,001338,永顺泰,10.86,3.13,1,特定对象调研,"董事会秘书 温敏,证券事务代表 仝国明",广州经济技术开发区金华西街1号公司6楼会议室,2025-01-21,2025-01-22
234,002594,比亚迪,330.13,0.99,1,电话会议,"吴越,常恩铭",比亚迪六角大楼,2025-01-21,2025-01-22
235,300653,正海生物,21.12,2.52,1,特定对象调研,副总经理、财务总监、董事会秘书 赵丽,公司会议室,2025-01-21,2025-01-22
236,300848,美瑞新材,17.01,1.55,1,特定对象调研,"董事会秘书、财务总监 都英涛,证券事务代表 王越",公司办公楼会议室,2025-01-21,2025-01-22
237,603013,亚普股份,15.4,-0.96,1,特定对象调研,"朱磊,尤家康",腾讯会议,2025-01-21,2025-01-22
238,603075,热威股份,19.69,-0.05,1,特定对象调研,"董事、董事会秘书 张亮,证券事务代表 卞欢",杭州热威电热科技股份有限公司总部会议室,2025-01-21,2025-01-22
239,837663,明阳科技,17.32,1.05,1,特定对象调研,董事会秘书 郭成文,公司会议室,2025-01-21,2025-01-22
240,001270,铖昌科技,30.52,6.9,115,电话会议,"董事长 罗珊珊,总经理、董事 王立平,财务总监、副总经理、董事 张宏伟,副总经理、董事会秘书 赵小婷,证券事务代表 朱峻瑶",会议室,2025-01-20,2025-01-21
241,002436,兴森科技,11.97,3.19,93,线上会议,"副总经理、董事会秘书 蒋威,证券投资部 陈小曼,陈卓璜",,2025-01-21,2025-01-21
242,832522,纳科诺尔,52.45,5.75,73,特定对象调研,"副总经理 李志刚,董事会秘书 吴民强",进门财经APP,2025-01-17,2025-01-21
243,002439,启明星辰,17.96,5.15,56,"业绩说明会,在线会议","张媛,潘柱廷",公司会议室,2025-01-20,2025-01-21
244,002036,联创电子,12.29,10.03,46,路演活动,副总裁、董事会秘书 卢国清,联创电子投资者关系管理部,2025-01-21,2025-01-21
245,601229,上海银行,9.1,-0.76,45,"特定对象调研,现场调研,线上调研",董事会办公室、公司业务部、零售业务部、金融市场部、计划财务部、风险管理部、授信管理部等相关部门负责人员,上银金融大厦会议室,2025-01-13,2025-01-21
246,000028,国药一致,26.35,1.35,44,"分析师会议,电话会议","董事长 吴壹建,总经理 李进雄,财务总监 谷国林,董事会秘书 李川,国大药房经营管理负责人 仲向军",总部会议室/电话会议,2025-01-20,2025-01-21
247,835640,富士达,25.76,1.82,41,特定对象调研,公司副总经理、董事会秘书 鲁军仓,线上交流会,2025-01-20,2025-01-21
248,001267,汇绿生态,9.24,-0.96,39,电话会议,"汇绿生态董事会秘书 严琦,汇绿生态董事、钧恒科技董事长 彭开盛",公司会议室,2025-01-20,2025-01-21
249,605488,福莱新材,34.36,-0.95,16,"特定对象调研,现场参观","副总经理、财务负责人、董事会秘书 毕立林,证券事务代表 叶婷婷",公司会议室,2025-01-21,2025-01-21
250,688109,品茗科技,29.6,8.58,13,"特定对象调研,电话",副总经理、董秘 高志鹏,电话调研,2025-01-21,2025-01-21
251,301458,钧崴电子,36.0,-0.25,11,特定对象调研,"董事长、总经理 颜睿志,董事、副总经理 翁文星,董事会秘书、财务总监 张照欣",公司会议室,2025-01-21,2025-01-21
252,002920,德赛西威,130.0,-2.68,11,"特定对象调研,现场,电话",证券事务代表 林洵沛,惠州市德赛西威汽车电子股份有限公司,2025-01-17,2025-01-21
253,688253,英诺特,32.17,7.05,11,路演活动,"董事会秘书 陈富康,证券事务代表 何裕恒",公司会议室、线上会议,2025-01-17,2025-01-21
254,688521,芯原股份,60.05,2.13,10,"电话会议,线上会议","公司董事长、总裁 WAYNE WEI-MING DAI(戴伟民),公司董事、CFO、董事会秘书 施文茜",,2025-01-20,2025-01-21
255,831832,科达自控,29.4,3.89,10,分析师会议,"董事长 付国军,董事会秘书 任建英",线上会议,2025-01-20,2025-01-21
256,300188,国投智能,15.67,4.96,9,其他,"国投集团特级专家、国投智能人工智能研究院院长 赵建强,副总经理、董事会秘书 高碧梅",厦门市软件园二期观日路12号国投智能大厦,2025-01-21,2025-01-21
257,300926,博俊科技,25.17,-1.95,9,特定对象调研,"董事会秘书 周后高,证券事务代表 陈伦",博俊科技五楼会议室,2025-01-21,2025-01-21
258,000551,创元科技,12.12,-0.16,6,特定对象调研,"董事会秘书、副总经理 周微微,董秘处总经理、证券事务代表 陆枢壕,董秘处科员 魏雨雁",会议室,2025-01-21,2025-01-21
259,300945,曼卡龙,11.45,2.14,6,电话会议,副总经理、董事会秘书 许恬,电话会议,2025-01-21,2025-01-21
260,600628,新世界,8.12,3.31,6,"走进新世界(600628),机构调研交流活动,现场交流,调研参观","公司副董事长、总经理 沈为民,公司副总经理、董事会秘书 李蔚,公司董办相关人员",上海新世界城,2025-01-14,2025-01-21
261,002966,苏州银行,7.6,-1.43,4,"特定对象调研,现场会议","董事会秘书 朱敏军,计划财务部总经理助理 沈若弢,风险管理部和董事会办公室相关人员",苏州银行总行12楼会议室,2025-01-17,2025-01-21
262,000725,京东方A,4.51,-0.66,3,特定对象调研,"证券事务代表 罗文捷,董事会秘书室工作人员 李柰",京东方核心能力大楼,2025-01-21,2025-01-21
263,000962,东方钽业,15.08,1.62,2,电话会议,"副总经理、董秘 秦宏武,证券部 孙立喆",电话会议,2025-01-21,2025-01-21
264,001322,箭牌家居,7.73,1.31,2,"特定对象调研,现场会议",副总经理、董事会秘书 杨伟华,佛山市顺德区乐从镇创兴一路1号箭牌总部大厦,2025-01-21,2025-01-21
265,002536,飞龙股份,13.42,-0.07,2,"特定对象调研,电话会议",副总经理、董事会秘书 谢国楼,飞龙汽车部件股份有限公司董秘室(线上),2025-01-21,2025-01-21
266,600279,重庆港,5.0,4.38,2,特定对象调研,"董事、财务总监、董事会秘书 刘红伟,副总经理 任川,资产证券部、财务部、贸易物流部等部门相关人员",线上,2025-01-15,2025-01-21
267,601898,中煤能源,11.14,-1.33,2,"“进门财经”网站,电话会议","证券事务部负责人,投资者关系主管",,2025-01-15,2025-01-21
268,000951,中国重汽,18.17,0.33,1,特定对象调研,"董事会秘书助理、证券事务代表 张欣,投关专员 胡啸",公司办公室,2025-01-20,2025-01-21
269,600177,雅戈尔,8.03,0.0,1,"特定对象调研,现场参观","董事会秘书 冯隽,证券事务代表 曹雨超,证券事务助理 林欣",宁波,2025-01-17,2025-01-21
270,300888,稳健医疗,36.9,-2.89,152,"电话会议,线上调研","监事、稳健医疗轮值CEO 吴克震,董事、全棉时代副总裁 廖美珍,副总经理、董事会秘书 陈惠选",总部会议室/电话会议,2025-01-17,2025-01-20
271,688088,虹软科技,54.25,3.73,116,电话会议,"董事、高级副总裁、首席营销官 徐坚,财务总监 韦凯,董事会秘书 蒿惠美,投资者关系 邓琦",2025年01月16日:电话会议,2025-01-16,2025-01-20
272,002997,瑞鹄模具,38.93,-1.04,110,电话会,董事会秘书 何章勇,电话会,2025-01-16,2025-01-20
273,300814,中富电路,36.03,1.26,81,线上会议,副总经理、董事会秘书 王家强,在进门财经网络交流平台以网络电话形式交流,2025-01-20,2025-01-20
274,837242,建邦科技,29.95,0.34,37,特定对象调研,"公司董事长 钟永铎,公司董事会秘书 陈汝刚",线上交流会,2025-01-17,2025-01-20
275,000530,冰山冷热,5.88,-2.16,30,路演活动,公司董事会秘书 宋文宝,电话会议,2025-01-17,2025-01-20
276,001201,东瑞股份,14.67,0.76,29,"2024年度业绩预告交流会,价值在线平台线上交流","董事、副总裁、董事会秘书、财务总监 曾东强,证券投资部总经理、证券事务代表 谢志铭",电话交流会,2025-01-20,2025-01-20
277,002250,联化科技,6.85,2.54,23,特定对象调研,"高级副总裁、董秘 陈飞彪,证券事务代表 戴依依",公司上海办,2025-01-20,2025-01-20
278,603733,仙鹤股份,20.97,-0.29,20,"现场参观,分析师会议","公司副总经、董事会秘书 王昱哲,公司副总经理、广西仙鹤新材料有限公司总经理 戴贤中,公司职工代表监事、广西仙鹤新材料有限公司常务副总经理 李辛夫,其他相关人员",广西来宾三江口新区仙鹤高性能纸基新材料产业园,2025-01-17,2025-01-20
279,832662,方盛股份,21.55,3.76,20,投资者线上交流会,董事会秘书 张卫锋,线上会议,2025-01-16,2025-01-20
280,002123,梦网科技,15.61,10.01,17,"分析师会议,电话会议",董事会秘书 马立,进门财经,2025-01-19,2025-01-20
281,600894,广日股份,12.18,-0.98,14,"分析师会议,现场,电话会议,现场调研交流","副总经理、董事会秘书 杜景来,证券事务代表 刘伟斌",,2025-01-08,2025-01-20
282,603822,嘉澳环保,50.48,2.0,13,特定对象调研,财务负责人、董事会秘书 吴逸敏,公司会议室,2025-01-18,2025-01-20
283,300494,盛天网络,14.34,6.3,12,"路演活动,电话会议",首席战略官 高维,武汉、线上电话会议,2025-01-17,2025-01-20
284,688131,皓元医药,41.25,4.43,12,"特定对象调研,现场参会","董事长、总经理 郑保富,董事会秘书 沈卫红",,2025-01-14,2025-01-20
285,002158,汉钟精机,18.46,-0.11,11,"特定对象调研,策略会","董事会秘书,证券事务代表",策略会现场,2025-01-13,2025-01-20
286,688786,悦安新材,25.95,1.37,10,特定对象调研,"董事会秘书 李博,投资总监 李婷",现场调研、电话交流,2025-01-16,2025-01-20
287,600363,联创光电,50.74,-0.98,9,现场调研,"董事会秘书 邓惠霞,证券事务代表 胡仁会,投资者关系经理 蒋定杨",南昌,2025-01-20,2025-01-20
288,002404,嘉欣丝绸,6.29,1.45,9,线上交流,董事会秘书 郑晓,线上电话会议,2025-01-17,2025-01-20
289,300505,川金诺,15.4,-0.52,8,"特定对象调研,电话会议",证券事务代表 苏哲,公司会议室,2025-01-17,2025-01-20
290,300979,华利集团,68.84,-1.64,7,特定对象调研,董事会秘书 方玲玲,中山,2025-01-20,2025-01-20
291,002024,ST易购,2.02,-2.42,7,现场参观,"东区公共事务总监 王鲲,上海大区门店经营中心副总经理 王宇,上海大区财务总监 刘磊,SuningMax上海五角场店店长 顾林林",SuningMax上海五角场店,2025-01-17,2025-01-20
292,002947,恒铭达,34.82,-1.58,6,"特定对象调研,线上会议","荆天平,陈荆怡",,2025-01-17,2025-01-20
293,688696,极米科技,121.7,0.75,6,"特定对象调研,现场参观","董事长 钟波,董事会秘书 薛晓良,投资者关系负责人 陶诗丹",公司会议室、极米智能光电产业园,2025-01-16,2025-01-20
294,688677,海泰新光,41.24,3.49,6,"公司来访,电话会议,腾讯会议线上会议","副总经理、董事会秘书、财务总监 汪方华,证券事务代表 薛欢,IR 毛辰宇",,2025-01-14,2025-01-20
295,603280,南方路机,22.97,-1.96,5,"特定对象调研,现场参观,线下交流","董事长 方庆熙,财务总监、董秘 万静文,证券事务代表 颜建色,杜秋香",公司经营所在地,2025-01-17,2025-01-20
296,002489,浙江永强,3.5,1.45,4,特定对象调研,董事会秘书 王洪阳,公司,2025-01-20,2025-01-20
297,605299,舒华体育,9.78,-5.51,4,"特定对象调研,现场参观","公司董事、董事会秘书、财务总监 傅建木,总裁特别助理 侍勇,证券事务代表 江莹",公司会议室,2025-01-17,2025-01-20
298,605305,中际联合,27.97,0.04,4,线上调研,"董事会秘书 刘亚锋,证券事务代表 齐亚娟",线上会议,2025-01-17,2025-01-20
299,000338,潍柴动力,14.09,-0.14,2,特定对象调研,"刘涵,赵红蕾",公司科技大楼会议室,2025-01-17,2025-01-20
300,002912,中新赛克,28.44,4.37,2,"特定对象调研,现场会议",董事会秘书、财务总监 李斌,南京中新赛克科技有限责任公司会议室,2025-01-17,2025-01-20
301,001322,箭牌家居,7.73,1.31,1,线上会议,副总经理、董事会秘书 杨伟华,佛山市顺德区乐从镇创兴一路1号箭牌总部大厦,2025-01-20,2025-01-20
302,300488,恒锋工具,32.34,5.79,1,特定对象调研,"董事、副总经理、董事会秘书 陈子怡,证券事务代表 胡金秋",公司会议室,2025-01-20,2025-01-20
303,002594,比亚迪,330.13,0.99,1,特定对象调研,"吴越,吕莹",比亚迪六角大楼,2025-01-17,2025-01-20
304,688018,乐鑫科技,257.01,0.18,1,公开交流会,董事、董事会秘书、副总经理 王珏,“乐鑫董办”微信视频号直播,2025-01-17,2025-01-20
305,688677,海泰新光,41.24,3.49,1,"公司来访,电话会议","副总经理、董事会秘书、财务总监 汪方华,证券事务代表 薛欢,IR 毛辰宇",,2025-01-15,2025-01-20
306,001267,汇绿生态,9.24,-0.96,27,电话会议,"汇绿生态董事会秘书 严琦,汇绿生态董事、钧恒科技董事长 彭开盛",公司会议室,2025-01-16,2025-01-19
307,002270,华明装备,16.32,-2.16,11,"特定对象调研,现场参观,电话会议",董事会秘书 夏海晶,公司,2025-01-16,2025-01-19
308,002270,华明装备,16.32,-2.16,10,"特定对象调研,现场参观,电话会议",董事会秘书 夏海晶,公司,2025-01-15,2025-01-19
309,300188,国投智能,15.67,4.96,8,其他,"总经理 周成祖,副总经理、董事会秘书 高碧梅,总会计师 柳杨",厦门市软件园二期观日路12号国投智能大厦,2025-01-19,2025-01-19
310,002270,华明装备,16.32,-2.16,4,"特定对象调研,现场参观,电话会议",董事会秘书 夏海晶,公司,2025-01-08,2025-01-19
311,000715,中兴商业,6.73,7.34,2,"特定对象调研,现场方式","董事会秘书 杨军,证券事务代表 刘丹",公司会议室,2025-01-17,2025-01-19
312,000408,藏格矿业,31.97,-1.02,53,电话会议,"藏格矿业董事会秘书 李瑞雪,藏格矿业投资者关系主管 陈牧迪",进门财经线上电话会,2025-01-17,2025-01-18
313,002838,道恩股份,12.13,-0.82,8,"特定对象调研,网络交流","道恩股份副总经理、董事会秘书 王有庆,证券事务专员 陈浩",道恩股份会议室,2025-01-17,2025-01-18
314,000425,徐工机械,7.86,2.34,8,特定对象调研,刘敏芳,一、公司612会议室;二、徐工矿机,2025-01-16,2025-01-18
315,300913,兆龙互连,56.92,1.05,5,特定对象调研,"副总经理、董事会秘书 姚云萍,证券事务代表 沈圆月",电话会议、现场会议,2025-01-16,2025-01-18
316,002003,伟星股份,13.94,-0.99,3,"特定对象调研,现场参观,电话会议",谢瑾琨等,临海,2025-01-16,2025-01-18
317,002003,伟星股份,13.94,-0.99,2,"特定对象调研,现场参观",谢瑾琨等,临海,2025-01-17,2025-01-18
318,002372,伟星新材,12.2,-0.08,2,特定对象调研,"谭梅,李晓明,章佳佳,陈银琼",公司会议室,2025-01-17,2025-01-18
319,002372,伟星新材,12.2,-0.08,2,特定对象调研,"谭梅,章佳佳,陈银琼",公司会议室,2025-01-15,2025-01-18
320,300930,屹通新材,26.82,-0.45,1,特定对象调研,"副总经理、董事会秘书 李辉,财务部 唐政",公司5楼会议室,2025-01-16,2025-01-18
321,688686,奥普特,91.8,5.94,33,"线上会议,券商策略会,现场参观","副总经理、董事会秘书 许学亮,证券事务代表 余丽",广东省东莞市长安镇长安兴发南路66号之一、线上会议,2025-01-16,2025-01-17
322,688401,路维光电,28.63,6.19,32,"分析师会议,电话会议","董事、财务总监 刘鹏,投资者关系 刘文鑫",进门财经,2025-01-15,2025-01-17
323,688008,澜起科技,72.61,0.36,31,"特定对象调研,券商策略会,电话会议",公司董事会秘书 傅晓等,"券商策略会现场、公司会议室,部分通过电话会议形式接待调研",2025-01-15,2025-01-17
324,600926,杭州银行,14.66,-0.27,26,特定对象调研,"资产负债管理部负责人,公司金融部负责人,零售金融部负责人,小微金融部负责人,资金营运中心负责人,证券事务代表",线上交流,2025-01-14,2025-01-17
325,600664,哈药股份,3.91,2.09,23,分析师会议,"副总裁、财务负责人、董事会秘书 孟晓东,董事会办公室主任、证券事务代表 马昆宇",电话会议,2025-01-16,2025-01-17
326,000417,合百集团,5.74,4.17,18,"特定对象调研,电话会议,线上交流","董事会秘书 杨志春,证券事务代表 胡楠楠",公司会议室,2025-01-16,2025-01-17
327,002244,滨江集团,9.22,4.89,18,电话会议,"董事、副总裁、财务总监、董事会秘书 沈伟东,证券事务代表 李耿瑾",公司会议室,2025-01-16,2025-01-17
328,688332,中科蓝讯,131.69,-0.69,15,特定对象调研,"副总经理、董事会秘书 张仕兵,董事会办公室主任 曹卉,证券事务代表 刘懿瑶",深圳市中科蓝讯科技股份有限公司大会议室,2025-01-13,2025-01-17
329,688515,裕太微,106.09,2.98,14,公司现场接待,董事会秘书 王文倩,公司会议室,2025-01-15,2025-01-17
330,002688,金河生物,4.47,1.13,12,路演活动,董事、董事会秘书 路漫漫,线上电话交流,2025-01-16,2025-01-17
331,831832,科达自控,29.4,3.89,11,分析师会议,"董事长 付国军,董事会秘书 任建英",线上会议,2025-01-16,2025-01-17
332,600855,航天长峰,11.51,4.26,10,现场参观,"航天长峰董事会秘书 刘大军,航天长峰证券事务部部长(证代) 童伟",北京市海淀区永定路甲51号航天长峰大楼,2025-01-15,2025-01-17
333,688789,宏华数科,69.82,2.87,10,"特定对象调研,现场参观","董事会秘书 俞建利,证券事务代表 胡静",公司会议室,2025-01-15,2025-01-17
334,688389,普门科技,14.93,1.91,9,"特定对象调研,现场参观","董事、总经理 胡明龙,董事会秘书 路曼,证券事务专员 翟柔媚",普门科技总部大厦会议室,2025-01-15,2025-01-17
335,300350,华鹏飞,5.54,2.4,8,"特定对象调研,现场","董事会秘书 程渝淇,证券事务代表 张磊,证券事务助理 汪泳展",公司会议室,2025-01-16,2025-01-17
336,603060,国检集团,7.3,1.39,8,公司线上接待,"国检集团副总经理、董事会秘书 宋开森,证券事务代表 庄伟",,2025-01-16,2025-01-17
337,002906,华阳集团,34.8,2.05,8,"特定对象调研,现场调研","证券事务代表 陈静霞,证券专员 邱晓彤",广东省惠州市东江高新科技产业园上霞北路1号华阳工业园A区集团办公大楼,2025-01-15,2025-01-17
338,301196,唯科科技,35.58,-0.14,7,"特定对象调研,现场参观,电话会议","董事会秘书、副总经理 罗建文,证券事务代表 魏贞",公司会议室,2025-01-15,2025-01-17
339,300686,智动力,9.34,1.63,6,"特定对象调研,现场参观","副总经理、董事会秘书 方江,证券事务代表 鄢芷",东莞智动力电子科技有限公司办公楼一楼会议室,2025-01-16,2025-01-17
340,002020,京新药业,12.27,-1.68,6,特定对象调研,董秘 洪贇飞,杭州总部会议室,2025-01-14,2025-01-17
341,688306,均普智能,10.48,0.0,6,"特定对象调研,现场参观","董办负责人 柴俊,投资者关系总监 刘睿",浙江宁波清逸路99号4号楼,2025-01-13,2025-01-17
342,603338,浙江鼎力,67.95,1.01,5,公司现场接待,"总经理 许仲,董事会秘书 梁金",公司会议室,2025-01-17,2025-01-17
343,300806,斯迪克,18.17,7.07,5,特定对象调研,"董事长、总经理 金闯,董事、财务总监、董事会秘书 吴江,证券事务代表 金丹丹",泗洪经济开发区双洋西路6号,2025-01-15,2025-01-17
344,603383,顶点软件,41.27,0.66,5,"特定对象调研,现场会议",董秘 赵伟,公司会议室,2025-01-14,2025-01-17
345,301001,凯淳股份,36.95,-0.59,4,特定对象调研,董事会秘书 钱燕,公司会议室,2025-01-16,2025-01-17
346,301600,慧翰股份,187.76,0.3,4,"特定对象调研,现场参观,电话会议","冯静,潘敏涛,金少明",1#楼5层会议室(一),2025-01-16,2025-01-17
347,688708,佳驰科技,59.53,-0.1,4,特定对象调研,"董事会秘书 卢肖,证券事务代表 杨柳青",佳驰科技会议室,2025-01-16,2025-01-17
348,002171,楚江新材,8.38,0.6,4,现场参观,"楚江新材董事会秘书 姜鸿文,楚江新材证券事务代表 李旭,楚江新材IR专员 吴寒",安徽楚江科技新材料股份有限公司,2025-01-15,2025-01-17
349,688787,海天瑞声,127.51,2.43,4,电话会议,董事会秘书 张哲,线上交流,2025-01-15,2025-01-17
350,000625,长安汽车,14.18,4.73,3,特定对象调研,证券事务代表 揭中华,公司会议室,2025-01-17,2025-01-17
351,002534,西子洁能,12.9,1.74,3,"特定对象调研,线上交流会","董事会秘书 鲍瑾,投资者关系管理专员 孟雪瑶",公司会议室,2025-01-17,2025-01-17
352,300772,运达股份,12.75,-0.16,3,特定对象调研,"董事会秘书、副总经理 魏敏,投资者关系经理 葛伟威",运达股份会议室,2025-01-17,2025-01-17
353,688102,斯瑞新材,9.4,0.0,3,"特定对象调研,现场参观,现场","董事会秘书 徐润升,证券事务代表 王磊",公司会议室,2025-01-15,2025-01-17
354,002626,金达威,14.66,0.34,2,特定对象调研,"副总经理、董事会秘书 洪彦,证券事务专员 林洁,证券事务专员 张燕婷",公司会议室,2025-01-17,2025-01-17
355,601121,宝地矿业,6.33,0.16,2,特定对象调研,"董事会秘书 王江朋,证券事务部副主任 苏坤",公司15楼会议室,2025-01-17,2025-01-17
356,301358,湖南裕能,41.0,-6.84,2,电话会议,"董事、常务副总经理、董事会秘书 汪咏梅,证券事务代表 何美萱",电话会议,2025-01-16,2025-01-17
357,688393,安必平,21.6,8.16,2,现场参观,证券事务代表 杜坤,公司会议室,2025-01-16,2025-01-17
358,832225,利通科技,12.16,0.66,2,"特定对象调研,现场参观,线上交流",董事会秘书 何军,公司会议室、线上交流,2025-01-16,2025-01-17
359,002966,苏州银行,7.6,-1.43,2,"特定对象调研,现场会议","董事会秘书 朱敏军,计划财务部总经理助理 沈若弢,风险管理部、董事会办公室相关人员",苏州银行总行12楼会议室,2025-01-15,2025-01-17
360,603383,顶点软件,41.27,0.66,2,"特定对象调研,现场会议",董秘 赵伟,公司会议室,2025-01-08,2025-01-17
361,002859,洁美科技,20.07,-0.05,1,特定对象调研,董事、董事会秘书 张君刚,浙江省杭州市拱墅区大关路100号绿地中央广场10幢24层会议室,2025-01-17,2025-01-17
362,003002,壶化股份,23.0,-0.17,1,"特定对象调研,线下调研","董事会秘书,证券事务代表",公司会议室,2025-01-17,2025-01-17
363,301028,东亚机械,11.15,-0.62,1,"特定对象调研,现场参观","董事会秘书 韩文浩,证券事务代表 许志涌",厦门东亚机械工业股份有限公司,2025-01-17,2025-01-17
364,603383,顶点软件,41.27,0.66,1,"特定对象调研,现场会议",董秘 赵伟,公司会议室,2025-01-17,2025-01-17
365,688059,华锐精密,49.04,3.24,1,特定对象调研,董事会秘书、财务总监 段艳兰,株洲市芦淞区创业二路68号,2025-01-17,2025-01-17
366,000001,平安银行,11.43,0.44,1,"特定对象调研,实地会议",,深圳,2025-01-16,2025-01-17
367,002115,三维通信,7.45,4.2,1,特定对象调研,"董事会秘书 任锋,投资者关系专员 瞿奕诚",三维大厦2楼会议室,2025-01-16,2025-01-17
368,002275,桂林三金,13.86,1.09,1,"特定对象调研,线上交流","桂林三金董秘 李春,桂林三金证代 朱烨",会议室,2025-01-16,2025-01-17
369,002927,泰永长征,13.39,3.72,1,"特定对象调研,现场会议","董事会秘书、财务负责人 韩海凤,证券事务代表 周小菡",深圳市南山区高新中一道长园新材料港F栋4楼会议室,2025-01-16,2025-01-17
370,603383,顶点软件,41.27,0.66,1,"特定对象调研,现场会议",董秘 赵伟,公司会议室,2025-01-13,2025-01-17
371,836699,海达尔,47.96,3.36,64,"特定对象调研,投资者线上交流会",董事会秘书 朱丽娜,线上会议,2025-01-14,2025-01-16
372,833394,民士达,24.6,0.82,58,"特定对象调研,线上会议","董事会秘书 鞠成峰,证券专员 孔如意",线上调研,2025-01-14,2025-01-16
373,002429,兆驰股份,5.57,-0.71,46,现场调研,"兆驰股份董事长 顾伟,兆驰股份副总裁、兆驰晶显董事长 何胜斌,兆驰股份副总裁、兆驰半导体总裁 金从龙,兆驰半导体CTO 胡加辉,兆驰晶显总经理 张海波,兆驰瑞谷总经理 黄建辉,兆驰瑞谷副总经理 殷瑞麟,兆驰股份副总经理、董事会秘书 单华锦等",南昌,2025-01-14,2025-01-16
374,001322,箭牌家居,7.73,1.31,41,线上会议,副总经理、董事会秘书 杨伟华,佛山市顺德区乐从镇创兴一路1号箭牌总部大厦,2025-01-16,2025-01-16
375,834599,同力股份,14.15,0.5,39,特定对象调研,公司董事会秘书 杨鹏,线上交流会,2025-01-14,2025-01-16
376,002215,诺普信,10.07,0.1,30,业绩说明会,董事会秘书 莫谋钧,电话会议,2025-01-15,2025-01-16
377,301285,鸿日达,30.01,-1.38,29,"特定对象调研,现场参观","副总经理、董事会秘书 蔡飞鸣,东台润田精密科技有限公司(全资子公司)总经理 宋世勇,半导体材料事业部负责人 万敏阳",东台润田精密科技有限公司(全资子公司)报告厅,2025-01-15,2025-01-16
378,002780,三夫户外,11.59,2.57,26,现场参观,"董事长、总经理 张恒,X-BIONIC品牌总经理 林冬青,董事会秘书 秦亚敏",X-BIONIC上海旗舰店,2025-01-16,2025-01-16
379,002791,坚朗五金,23.05,1.05,26,电话会议,"董事长 白宝鲲,董事会秘书 殷建忠,财务总监 邹志敏",腾讯会议,2025-01-16,2025-01-16
380,688100,威胜信息,36.48,-0.44,18,券商策略会,"副总裁、董事会秘书、财务总监 钟喜玉,战略发展中心总经理 吴浩,证券事务代表 余萱,投资者关系经理 张乐维",,2025-01-16,2025-01-16
381,002965,祥鑫科技,49.21,-2.75,17,"现场参观,电话会议","董事、副总经理、董事会秘书 陈振海,投资者关系负责人 曹家绮","参会平台:腾讯会议,现场参观:广东省东莞市长安镇长安建安路893号祥鑫科技股份有限公司",2025-01-14,2025-01-16
382,300718,长盛轴承,68.0,-2.65,17,特定对象调研,"董事会秘书 何寅,证券事务代表 颜希勇",公司会议室,2025-01-14,2025-01-16
383,601686,友发集团,5.41,0.56,17,特定对象调研,"董事会秘书 郭锐,证券事务代表 张羽",公司会议室;电话会议,2025-01-14,2025-01-16
384,000713,丰乐种业,7.46,0.54,16,"特定对象调研,分析师会议,电话会议",董事会秘书 顾晓新,,2025-01-16,2025-01-16
385,002124,ST天邦,2.83,-5.03,14,野村东方国际证券电话交流会,"董事会秘书 章湘云,证券事务代表 胡尔丹",电话会议,2025-01-15,2025-01-16
386,002138,顺络电子,32.11,1.13,11,"特定对象调研,现场会议","董事会秘书 任怡,证券事务代表 张易弛",公司会议室,2025-01-15,2025-01-16
387,301596,瑞迪智驱,159.01,14.33,10,"特定对象调研,现场参观","董事、董事会秘书、副总经理 刘兰,证券事务代表 朱亚兰",成都市双流区西航港大道中四段909号,2025-01-15,2025-01-16
388,003016,欣贺股份,7.4,2.78,9,电话会议,"董事会秘书、副总经理 朱晓峰,品牌公关推广负责人 刘陈足嘉",公司会议室,2025-01-16,2025-01-16
389,688139,海尔生物,32.62,-0.58,8,"特定对象调研,电话会议,现场会议","证券事务代表 刘向青,投资者关系经理 宋佳峻",,2025-01-15,2025-01-16
390,688179,阿拉丁,15.53,0.78,8,"现场交流,线上交流",董事、副总经理、董事会秘书 赵新安,,2025-01-14,2025-01-16
391,688535,华海诚科,93.69,2.62,7,特定对象调研,"董事会秘书 董东峰,证券事务代表 钱云,证券事务专员 张雅婷",现场,2025-01-16,2025-01-16
392,688065,凯赛生物,43.83,1.69,7,特定对象调研,"副总裁、董事会秘书 臧慧卿,战略发展部总监 郑倩,证券事务代表 刘嘉雨",公司现场,2025-01-14,2025-01-16
393,000928,中钢国际,6.36,0.0,6,特定对象调研,"副总经理、财务总监、董事会秘书 袁陆生,董事会办公室主任 戚欣",公司2602会议室,2025-01-15,2025-01-16
394,300016,北陆药业,6.77,5.12,6,特定对象调研,"董事会秘书 邵泽慧,证券事务代表 孙志芳",公司会议室,2025-01-15,2025-01-16
395,688143,长盈通,27.58,3.72,6,实地调研,总裁办总经理 郭淼,武汉,2025-01-15,2025-01-16
396,300350,华鹏飞,5.54,2.4,6,"特定对象调研,现场","董事会秘书 程渝淇,证券事务代表 张磊,证券事务助理 汪泳展",公司会议室,2025-01-14,2025-01-16
397,300218,安利股份,16.16,0.12,5,"特定对象调研,现场参观","董事会秘书、副总经理 刘松霞,证券事务代表 陈丽婷,证券助理 高杰晶",公司行政楼906会议室,2025-01-16,2025-01-16
398,301362,民爆光电,39.24,0.1,5,"特定对象调研,现场调研","副总经理、董事、董事会秘书 黄金元,证券事务代表 李娜",深圳市宝安区福永街道(福园一路西侧)润恒工业厂区2栋5楼会议室,2025-01-16,2025-01-16
399,688210,统联精密,19.8,0.0,5,特定对象调研,"董事会秘书 黄蓉芳,证券事务代表 唐磊,证券事务专员 吕一波",公司会议室,2025-01-13,2025-01-16
400,001965,招商公路,12.22,-0.97,4,特定对象调研,资本运营部(董办)副总经理 施惊雷,公司会议室,2025-01-16,2025-01-16
401,002483,润邦股份,6.14,-0.65,4,特定对象调研,"副总裁、董事会秘书 谢贵兴,证券事务代表 刘聪,证券事务专员 窦晓林",公司全资子公司南通润邦重机有限公司,2025-01-16,2025-01-16
402,002534,西子洁能,12.9,1.74,4,"特定对象调研,线上交流会","董事会秘书 鲍瑾,投资者关系管理专员 孟雪瑶",公司会议室,2025-01-16,2025-01-16
403,603323,苏农银行,5.29,-0.38,4,"特定对象调研,现场会议","董事会秘书,证券事务代表,董事会办公室相关人员",苏州农商银行总行401会议室,2025-01-16,2025-01-16
404,002273,水晶光电,23.32,0.0,4,"特定对象调研,线上调研",IR,,2025-01-15,2025-01-16
405,002856,美芝股份,9.31,1.75,4,"特定对象调研,现场参观",证券事务代表 叶文汉,公司会议室,2025-01-15,2025-01-16
406,301039,中集车辆,9.15,-0.65,4,"分析师会议,路演活动","中集车辆投资者关系经理 闫维,中集车辆投资者关系部 朱乐瑶",上海,2025-01-13,2025-01-16
407,300705,九典制药,16.29,1.24,3,特定对象调研,"副总经理、董事会秘书 曾蕾,证券事务代表 甘荣",公司会议室,2025-01-16,2025-01-16
408,605086,龙高股份,29.06,2.14,3,现场交流,"公司董事会秘书 熊斌,生产总监 沈滨和,证券事务代表 黄伟斌",龙岩高岭土股份有限公司,2025-01-15,2025-01-16
409,688380,中微半导,31.02,0.39,3,特定对象调研,董事会秘书、财务总监 吴新元,公司,2025-01-15,2025-01-16
410,833819,颖泰生物,3.46,1.17,3,特定对象调研,"财务负责人 杨玉松,证券事务代表 樊雅荣,制剂业务负责人 廖永,市场登记负责人 茹李军",线上调研,2025-01-15,2025-01-16
411,920016,中草香料,22.59,5.86,3,"特定对象调研,现场参观",董事会秘书 赵娅,公司会议室、厂区,2025-01-15,2025-01-16
412,000811,冰轮环境,11.83,-1.58,2,特定对象调研,董事会秘书 孙秀欣,腾讯会议,2025-01-16,2025-01-16
413,002463,沪电股份,39.19,0.23,2,特定对象调研,"钱元君,王术梅",公司会议室,2025-01-16,2025-01-16
414,002916,深南电路,129.2,5.19,2,"特定对象调研,实地调研","副总经理、董事会秘书 张丽君,投资者关系经理 郭家旭",公司会议室,2025-01-16,2025-01-16
415,300752,隆利科技,19.18,2.51,2,特定对象调研,"副总经理、董事会秘书 刘俊丽,证券事务代表 李姝涵",电话会议,2025-01-16,2025-01-16
416,600392,盛和资源,11.28,-0.53,2,特定对象调研,"董事会秘书 郭晓雷,证券代表 陈冬梅",公司会议室,2025-01-16,2025-01-16
417,002003,伟星股份,13.94,-0.99,2,电话会议,谢瑾琨等,,2025-01-15,2025-01-16
418,002024,ST易购,2.02,-2.42,2,现场参观,"杭州大区总经理 孙钦龙,杭州大区门店经营中心总经理 王鑫,SuningMax杭州庆春路店店长 朱彬",SuningMax杭州庆春路店,2025-01-15,2025-01-16
419,301039,中集车辆,9.15,-0.65,2,"分析师会议,路演活动","中集车辆投资者关系经理 闫维,中集车辆投资者关系部 朱乐瑶",上海,2025-01-14,2025-01-16
420,301362,民爆光电,39.24,0.1,2,"特定对象调研,现场调研","副总经理、董事、董事会秘书 黄金元,证券事务代表 李娜",深圳市宝安区福永街道(福园一路西侧)润恒工业厂区2栋5楼会议室,2025-01-14,2025-01-16
421,688143,长盈通,27.58,3.72,2,实地调研,总裁办总经理 郭淼,武汉,2025-01-14,2025-01-16
422,000776,广发证券,15.89,-0.13,1,"其他,电话会议","董事会办公室 王强,董事会办公室 李经天",公司51楼会议室,2025-01-16,2025-01-16
423,002142,宁波银行,25.28,0.16,1,"特定对象调研,电话会议",公司投关团队,电话会议,2025-01-16,2025-01-16
424,300179,四方达,10.08,2.34,1,特定对象调研,"财务总监 李炎臻,董事会秘书 刘海兵,证券事务代表 杨易硕",四方达,2025-01-16,2025-01-16
425,002594,比亚迪,330.13,0.99,1,电话会议,"吴越,常恩铭",比亚迪六角大楼,2025-01-15,2025-01-16
426,300320,海达股份,9.71,1.25,1,特定对象调研,董事、副总经理、董事会秘书 胡蕴新,公司会议室,2025-01-15,2025-01-16
427,603013,亚普股份,15.4,-0.96,1,特定对象调研,"崔龙峰,朱磊,杨琳,尤家康",公司会议室,2025-01-15,2025-01-16
428,000988,华工科技,40.82,-0.95,65,"特定对象调研,电话会议","华工科技董事、副总经理、董事会秘书 刘含树,华工科技证券事务代表 姚永川,华工科技投资者关系主管 陶雪芷",公司会议室、线上电话会,2025-01-14,2025-01-15
429,300007,汉威科技,28.83,-1.2,49,电话会议,"苏州能斯达董事长、总经理 周震,证券事务代表 蒋宇辉,投资者关系经理 李颖",腾讯会议,2025-01-15,2025-01-15
430,603711,香飘飘,14.83,2.77,43,"特定对象调研,电话会议","董事会秘书、财务总监 邹勇坚,证券事务代表 李菁颖",浙江省杭州市新天地商务中心望座西楼13楼,2025-01-13,2025-01-15
431,003021,兆威机电,113.82,1.87,39,"特定对象调研,现场交流,线上会议交流","董事会秘书 牛东峰,投资者关系经理 王岚",深圳市宝安区燕罗街道燕川社区燕湖路62号办公楼,2025-01-15,2025-01-15
432,688141,杰华特,37.41,5.38,38,特定对象调研,"总经理、董事会秘书 马问问,市场和系统总监 李正兴",现场会议,2025-01-09,2025-01-15
433,688691,灿芯股份,81.0,2.9,37,特定对象调研,"董事长、总经理 庄志青,董事会秘书 沈文萍,董办工作人员 石啸天,梁砚卿",公司会议室,2025-01-15,2025-01-15
434,830839,万通液压,19.9,1.32,36,"特定对象调研,投资者线上交流会",公司董事、副总经理、董事会秘书 王梦君,线上会议调研,2025-01-14,2025-01-15
435,002966,苏州银行,7.6,-1.43,34,"特定对象调研,电话会议","董事会秘书 朱敏军,计划财务部总经理助理 沈若弢,风险管理部和董事会办公室相关人员",苏州银行总行10楼会议室,2025-01-13,2025-01-15
436,834058,华洋赛车,29.87,0.95,21,特定对象调研,董事会秘书 任宇,公司会议室线上交流会,2025-01-14,2025-01-15
437,002203,海亮股份,10.41,-1.33,21,"现场参观,机构交流会","董事会秘书 程疆,投资者关系总监 童莹莹",杭州市滨江区协同路368号海亮科研大厦会议室,2025-01-09,2025-01-15
438,002948,青岛银行,3.88,-1.02,16,特定对象调研,"本行高管,相关部门负责人,工作人员",青岛银行股份有限公司总行6楼会议室,2025-01-15,2025-01-15
439,002958,青农商行,2.99,-0.33,14,特定对象调研,本行高管及相关部门人员,本行4楼会议室,2025-01-15,2025-01-15
440,605086,龙高股份,29.06,2.14,12,现场交流,"公司董事会秘书 熊斌,生产总监 沈滨和,证券事务代表 黄伟斌",龙岩高岭土股份有限公司,2025-01-14,2025-01-15
441,688028,沃尔德,21.26,1.19,12,分析师会议,"公司董事长、总经理 陈继锋,公司副总经理、董事会秘书 陈焕超",电话会议,2025-01-13,2025-01-15
442,688292,浩瀚深度,24.48,5.29,10,特定对象调研,"副总经理、董事会秘书、财务总监 冯彦军,副总经理 窦伊男",公司会议室,2025-01-14,2025-01-15
443,301039,中集车辆,9.15,-0.65,9,"分析师会议,路演活动,东方财富证券2025年度策略会","中集车辆投资者关系经理 闫维,中集车辆投资者关系部 朱乐瑶","东方财富证券2025年度策略会,上海",2025-01-09,2025-01-15
444,300953,震裕科技,134.15,-2.52,8,现场参观,"董事、副总、模具事业部总经理 周茂伟,董事会秘书、副总 彭勇泉",现场调研,2025-01-15,2025-01-15
445,301267,华厦眼科,18.61,1.58,8,特定对象调研,"董事会秘书 曹乃恩,证券事务代表 沈石华",公司会议室,2025-01-14,2025-01-15
446,688656,浩欧博,93.6,8.91,7,现场参观,董事会秘书 谢爱香,苏州工业园区东堰里路9号,2025-01-14,2025-01-15
447,001387,雪祺电气,14.2,0.64,6,特定对象调研,"董事、副总经理、财务负责人 徐园生,董事会秘书 刘杰,证券事务代表 陈玉玉",公司会议室,2025-01-15,2025-01-15
448,002182,宝武镁业,11.79,-1.09,6,特定对象调研,宝武镁业董秘 吴剑飞,公司会议室,2025-01-15,2025-01-15
449,000417,合百集团,5.74,4.17,6,"特定对象调研,线下调研,线上交流","副总经理、总会计师 刘华生,董事会秘书 杨志春,证券事务代表 胡楠楠",公司会议室,2025-01-14,2025-01-15
450,600392,盛和资源,11.28,-0.53,6,特定对象调研,董事会秘书 郭晓雷,公司会议室,2025-01-14,2025-01-15
451,688410,山外山,10.94,5.6,6,"特定对象调研,现场参观,电话会议","董事会秘书、财务总监 喻上玲,证券事务代表 邹博",山外山公司会议室,2025-01-09,2025-01-15
452,002228,合兴包装,3.07,0.66,5,"特定对象调研,现场调研","董事会秘书 康春华,证券事务代表 王萍萍",公司会议室,2025-01-15,2025-01-15
453,301335,天元宠物,23.5,1.56,5,特定对象调研,"董事会秘书、副总裁 田金明,董事会办公室 梁红霞",杭州天元宠物用品股份有限公司鸿旺园区9号楼4楼会议室,2025-01-15,2025-01-15
454,000338,潍柴动力,14.09,-0.14,4,特定对象调研,"刘涵,赵红蕾",公司会议室,2025-01-15,2025-01-15
455,000951,中国重汽,18.17,0.33,4,特定对象调研,"董事会秘书助理、证券事务代表 张欣,投关专员 胡啸",公司办公室,2025-01-15,2025-01-15
456,002916,深南电路,129.2,5.19,4,"特定对象调研,实地调研","副总经理、董事会秘书 张丽君,投资者关系经理 郭家旭",公司会议室,2025-01-15,2025-01-15
457,002966,苏州银行,7.6,-1.43,4,"特定对象调研,电话会议","董事会秘书 朱敏军,计划财务部总经理助理 沈若弢,风险管理部和董事会办公室相关人员",苏州银行总行11楼会议室,2025-01-14,2025-01-15
458,300731,科创新源,25.11,2.24,4,"特定对象调研,分析师会议",董事、董事会秘书、副总经理 梁媛,分析师会议会场、公司一楼会议室,2025-01-14,2025-01-15
459,301600,慧翰股份,187.76,0.3,4,"特定对象调研,现场参观,电话会议","隋榕华,冯静,潘敏涛,金少明",1#楼5层会议室(一),2025-01-14,2025-01-15
460,000625,长安汽车,14.18,4.73,3,特定对象调研,证券事务代表 揭中华,公司会议室,2025-01-15,2025-01-15
461,002534,西子洁能,12.9,1.74,3,特定对象调研,"董事会秘书 鲍瑾,投资者关系管理专员 孟雪瑶",公司会议室,2025-01-15,2025-01-15
462,002867,周大生,12.36,0.73,3,特定对象调研,证券事务代表 周晓达,总部会议室,2025-01-15,2025-01-15
463,002003,伟星股份,13.94,-0.99,2,电话会议,谢瑾琨等,,2025-01-14,2025-01-15
464,300848,美瑞新材,17.01,1.55,2,特定对象调研,"董事会秘书、财务总监 都英涛,证券事务代表 王越",公司办公楼会议室,2025-01-14,2025-01-15
465,605305,中际联合,27.97,0.04,2,"特定对象调研,现场参观","董事会秘书 刘亚锋,证券事务代表 齐亚娟",公司会议室,2025-01-14,2025-01-15
466,000538,云南白药,57.28,-0.38,2,"特定对象调研,现场参观","证券事务代表 李孟珏,投资者关系管理 杨可欣",集团总部办公大楼,2025-01-13,2025-01-15
467,002239,奥特佳,3.19,-0.93,2,特定对象调研,"董事会秘书 窦海涛,证券事务专员 赵彬",线上会议,2025-01-13,2025-01-15
468,688410,山外山,10.94,5.6,2,"特定对象调研,现场参观,电话会议","董事会秘书、财务总监 喻上玲,证券事务代表 邹博",山外山公司会议室,2025-01-10,2025-01-15
469,300259,新天科技,3.58,1.42,1,特定对象调研,董事会秘书 杨冬玲,公司二号楼一楼会议室,2025-01-15,2025-01-15
470,000538,云南白药,57.28,-0.38,1,"特定对象调研,现场参观","董事会秘书 钱映辉,药品事业群总经理 郑祥伟,健康品事业群总经理 黄玉敏,健康品事业群市场部总监 聂京,药品事业群市场部副总监 张春雨,证券事务代表 李孟珏,投资者关系管理 杨可欣",集团总部办公大楼,2025-01-14,2025-01-15
471,872953,国子软件,42.0,11.52,1,"特定对象调研,现场参观",董事会秘书 王蕾兵,山东国子软件股份有限公司第一会议室,2025-01-14,2025-01-15
472,688410,山外山,10.94,5.6,1,"特定对象调研,现场参观,电话会议","董事会秘书、财务总监 喻上玲,证券事务代表 邹博",山外山公司会议室,2025-01-08,2025-01-15
473,832522,纳科诺尔,52.45,5.75,53,"特定对象调研,现场参观","副总经理 李志刚,董事会秘书 吴民强",深圳市龙岗区宝龙街道宝龙社区高科大道12号创维创客天地科技城1栋—B0201及线上会议,2025-01-10,2025-01-14
474,002322,理工能科,14.02,4.01,36,特定对象调研,"公司董事、总经理 于雪,董事会秘书 竺幽斐",电话会议,2025-01-14,2025-01-14
475,003021,兆威机电,113.82,1.87,35,"特定对象调研,现场交流","董事会秘书 牛东峰,投资者关系经理 王岚",深圳市宝安区燕罗街道燕川社区燕湖路62号办公楼,2025-01-14,2025-01-14
476,300729,乐歌股份,16.7,0.85,32,"特定对象调研,电话会议",董事会秘书 虞浩英,宁波市鄞州区首南街道学士路436号,2025-01-14,2025-01-14
477,688255,凯尔达,40.68,3.43,20,"特定对象调研,现场参观","董事长 侯润石,董事、总经理 杨晓,董事会秘书 陈显芽",线下会议室,2025-01-13,2025-01-14
478,600926,杭州银行,14.66,-0.27,18,特定对象调研,"董事会秘书,资产负债管理部负责人,风险管理部负责人,公司金融部负责人,零售金融部负责人,杭银理财负责人,证券事务代表",杭州银行总行,2025-01-09,2025-01-14
479,300871,回盛生物,11.74,6.34,14,长江证券“开门红系列”电话会议,"董事会秘书 王庆峰,证券事务代表 李杏",电话会议,2025-01-14,2025-01-14
480,000999,华润三九,43.82,-2.14,14,"其他,现场会议,电话会议","董事会秘书(代),证券事务代表",综合办公中心,2025-01-08,2025-01-14
481,300926,博俊科技,25.17,-1.95,12,特定对象调研,"董事 伍丹丹,董事会秘书 周后高,证券事务代表 陈伦",博俊科技五楼会议室,2025-01-14,2025-01-14
482,600664,哈药股份,3.91,2.09,11,分析师会议,"副总裁、财务负责人、董事会秘书 孟晓东,董事会办公室主任、证券事务代表 马昆宇",电话会议,2025-01-13,2025-01-14
483,601016,节能风电,3.09,-0.96,11,东北证券、华创证券策略会,证券法律(合规)部投资者关系负责人 崔如岳,"东北证券上海策略会,华创证券深圳策略会",2025-01-08,2025-01-14
484,000813,德展健康,3.25,3.17,8,"特定对象调研,现场调研","副总经理、董事会秘书 肖建峰,投资者关系专员 赵文佳",北京市朝阳区工体东路乙2号博纳大厦10层公司会议室,2025-01-14,2025-01-14
485,002920,德赛西威,130.0,-2.68,6,"特定对象调研,现场",证券事务代表 林洵沛,惠州市德赛西威汽车电子股份有限公司,2025-01-14,2025-01-14
486,300323,华灿光电,8.33,-0.12,6,"特定对象调研,线上",董事会秘书 张超,线上交流,2025-01-13,2025-01-14
487,300537,广信材料,17.7,1.32,5,"特定对象调研,分析师会议",董事会秘书 张启斌,公司三楼会议室、腾讯会议等,2025-01-14,2025-01-14
488,002811,郑中设计,10.04,-1.47,5,特定对象调研,"副总经理、董事会秘书 王小颖,证券事务代表 梁欢欢",公司会议室,2025-01-13,2025-01-14
489,000521,长虹美菱,8.01,0.63,4,特定对象调研,"证券事务主管 肖莉,证券事务经理 吕明",公司行政中心二号会议室,2025-01-14,2025-01-14
490,688102,斯瑞新材,9.4,0.0,4,"特定对象调研,现场参观,现场",证券事务代表 王磊,公司会议室,2025-01-10,2025-01-14
491,000062,深圳华强,24.68,9.98,3,"特定对象调研,线下",董事会秘书 王瑛,深圳华强会议室,2025-01-14,2025-01-14
492,000338,潍柴动力,14.09,-0.14,3,特定对象调研,"刘涵,赵红蕾",公司科技大楼会议室,2025-01-14,2025-01-14
493,002534,西子洁能,12.9,1.74,3,"特定对象调研,线上交流会","董事会秘书 鲍瑾,投资者关系管理专员 孟雪瑶",公司会议室,2025-01-14,2025-01-14
494,002536,飞龙股份,13.42,-0.07,3,"特定对象调研,电话会议","副总经理、董事会秘书 谢国楼,子公司芜湖飞龙汽车电子技术研究院有限公司总经理 向晓东",子公司郑州飞龙汽车部件有限公司会议室(线上),2025-01-14,2025-01-14
495,300611,美力科技,12.29,-1.68,3,特定对象调研,"董事长 章碧鸿,董事会秘书 梁钰琪,证券事务代表 张婷",公司会议室,2025-01-13,2025-01-14
496,301366,一博科技,48.8,1.86,2,特定对象调研,"公司副总经理、董事会秘书 余应梓,公司证券事务代表 徐焕青",公司深圳总部会议室,2025-01-14,2025-01-14
497,688633,星球石墨,26.49,-1.38,2,"电话会议,一对一沟通","公司副总经理、董事会秘书 杨志城,公司证券事务代表 邹红燕","公司办公楼会议室,线上会议",2025-01-14,2025-01-14
498,301580,爱迪特,56.66,0.89,2,现场参观,董事会秘书 郜雨,公司会议室,2025-01-13,2025-01-14
499,000776,广发证券,15.89,-0.13,1,"其他,现场会议","公司董事会秘书 尹中兴,董事会办公室 王强",上海浦东香格里拉酒店,2025-01-14,2025-01-14
500,000926,福星股份,2.35,2.17,1,特定对象调研,"董事会秘书 肖永超,证券事务代表 常勇",公司会议室,2025-01-14,2025-01-14
501,300945,曼卡龙,11.45,2.14,1,特定对象调研,副总经理、董事会秘书 许恬,公司会议室,2025-01-14,2025-01-14
502,002273,水晶光电,23.32,0.0,204,"业绩说明会,线上交流会","董事长 林敏,董事、总经理 王震宇,副总经理、财务总监 郑萍,副总监理、董事会秘书 韩莉",,2025-01-11,2025-01-13
503,603711,香飘飘,14.83,2.77,55,"特定对象调研,现场,电话会议","董事会秘书、财务总监 邹勇坚,证券事务代表 李菁颖",浙江省杭州市新天地商务中心望座西楼13楼,2025-01-09,2025-01-13
504,688343,云天励飞,73.1,13.04,48,特定对象调研,助理董秘 黄玉珊,线下:外部其他场所,2025-01-08,2025-01-13
505,300181,佐力药业,14.62,-1.48,43,电话会议,"董事、常务副总经理 冯国富,董事会秘书 吴英",电话会议,2025-01-10,2025-01-13
506,832491,奥迪威,28.88,1.09,42,特定对象调研,公司董事、董事会秘书、副总经理 梁美怡,线上交流会,2025-01-09,2025-01-13
507,688768,容知日新,46.42,-0.28,41,"投资者线上交流会,线上方式","董事长、总经理 聂卫华,董事会秘书、财务总监 黄莉丽,证券事务代表 孔凯",进门财经,2025-01-09,2025-01-13
508,002859,洁美科技,20.07,-0.05,28,"特定对象调研,现场参观","董事、董事会秘书 张君刚,投资者关系助理 李彦霖,柔震科技有限公司CEO、总经理 刘志康,柔震科技有限公司业务副总经理 汪茹,柔震科技有限公司运营副总经理 吴明忠",浙江省嘉兴市海宁市斜桥镇新合路2号柔震科技有限公司,2025-01-13,2025-01-13
509,300616,尚品宅配,13.1,6.76,24,特定对象调研,董事会秘书 何裕炳,长江证券电话会议,2025-01-13,2025-01-13
510,002152,广电运通,12.54,3.38,22,"特定对象调研,现场参观,电话会议","副总经理 关健伟,副总经理、董事会秘书 谢华,研究总院创新总监 卫晓欣,证券事务代表 王英,高级投资者关系经理 胡瑞娟,王格",广州市高新技术产业开发区科学城科林路9、11号,2025-01-08,2025-01-13
511,688110,东芯股份,27.61,2.75,22,策略会,"董事、副总经理、董事会秘书 蒋雨舟,证券事务代表 黄沈幪,投资者关系 王佳颖",策略会,2025-01-08,2025-01-13
512,000998,隆平高科,10.46,0.0,18,特定对象调研,"董事会秘书 胡博,证券事务代表、董事会办公室总经理 罗明燕",线上交流,2025-01-13,2025-01-13
513,300357,我武生物,20.63,1.88,18,特定对象调研,"董事长 胡赓熙,副总经理、董事会秘书 管祯玮",上海市钦江路333号40号楼6楼会议室,2025-01-13,2025-01-13
514,688262,国芯科技,30.51,4.88,17,特定对象调研,证券事务代表 龚小刚,现场交流,2025-01-08,2025-01-13
515,002158,汉钟精机,18.46,-0.11,16,"特定对象调研,现场参观,策略会","董事会秘书,投资者关系员,证券事务代表",公司、策略会现场,2025-01-08,2025-01-13
516,300537,广信材料,17.7,1.32,12,"特定对象调研,现场参观,分析师会议","董事长 李有明,董事 安丰磊,董事 刘斌,董事 刘光曜,董事会秘书 张启斌,汉璞石墨烯总经理 赵振亮",江西广臻2楼会议室,2025-01-10,2025-01-13
517,600177,雅戈尔,8.03,0.0,12,"特定对象调研,电话会议","董事会秘书 冯隽,证券事务代表 曹雨超,证券事务助理 林欣",线上,2025-01-10,2025-01-13
518,688657,浩辰软件,43.14,3.45,11,特定对象调研,王祥如,券商策略会现场,2025-01-08,2025-01-13
519,002273,水晶光电,23.32,0.0,8,"特定对象调研,线下,线上调研",IR,,2025-01-10,2025-01-13
520,600184,光电股份,11.25,4.36,8,"特定对象调研,现场参观","财务总监、董事会秘书 袁勇,证券事务代表、证券管理部部长 籍俊花,投关主管 柳放,韩倩玉","第二会议室,光电科技产业园学术报告厅",2025-01-10,2025-01-13
521,001314,亿道信息,51.96,1.72,7,"特定对象调研,现场参观","副总经理、董事会秘书 乔敏洋,投资者关系专员 谢蝶",公司会议室,2025-01-13,2025-01-13
522,002152,广电运通,12.54,3.38,7,"特定对象调研,现场参观,电话会议,现场调研","副总经理 关健伟,副总经理、董事会秘书 谢华,研究总院创新总监 卫晓欣,证券事务代表 王英,高级投资者关系经理 胡瑞娟,王格",广州市高新技术产业开发区科学城科林路9、11号,2025-01-10,2025-01-13
523,000050,深天马A,9.03,0.11,6,"特定对象调研,现场参观,现场调研",陈丹,天马总部大楼16层会议室,2025-01-10,2025-01-13
524,002728,特一药业,8.5,2.16,4,"特定对象调研,特一药业线上交流会","董事、董事会秘书、财务总监、副总经理 陈习良,董秘助理 许紫兰,证券事务代表 徐少华",公司二楼会议室,2025-01-13,2025-01-13
525,000501,武商集团,8.6,3.49,4,特定对象调研,"李轩,张媛,王青然",公司会议室,2025-01-10,2025-01-13
526,300223,北京君正,78.39,1.7,4,"特定对象调研,现场交流会",董事会秘书 张敏,,2025-01-10,2025-01-13
527,002091,江苏国泰,7.21,-0.69,3,"特定对象调研,现场交流","江苏国泰 张健,徐晓燕,施宇",张家港市国泰大厦28楼会议室,2025-01-13,2025-01-13
528,002536,飞龙股份,13.42,-0.07,3,"特定对象调研,电话会议",副总经理、董事会秘书 谢国楼,飞龙汽车部件股份有限公司董秘室(线上),2025-01-13,2025-01-13
529,003009,中天火箭,39.14,-0.99,3,特定对象调研,"党委副书记、董事会秘书 宁星华,证券事务部部长 许青山,证券事务专员 霍佳佳",公司三楼会议室,2025-01-10,2025-01-13
530,000811,冰轮环境,11.83,-1.58,2,特定对象调研,董事会秘书 孙秀欣,腾讯会议,2025-01-13,2025-01-13
531,002053,云南能投,11.6,-0.85,2,特定对象调研,"副总经理、董事会秘书 李政良,证券事务代表 刘益汉,新能源事业部生产运营分部副部长 周强",公司429会客室,2025-01-13,2025-01-13
532,300444,双杰电气,6.99,1.3,2,特定对象调研,"董事会秘书 史玉,投资者关系部总经理 刘丝雨,证券事务代表 卢文钰",公司总部会议室,2025-01-13,2025-01-13
533,000538,云南白药,57.28,-0.38,2,电话会议,"证券事务代表 李孟珏,投资者关系管理 杨可欣",集团总部办公大楼,2025-01-10,2025-01-13
534,688786,悦安新材,25.95,1.37,2,特定对象调研,"董事会秘书 李博,投资总监 李婷",现场调研,2025-01-10,2025-01-13
535,000425,徐工机械,7.86,2.34,2,特定对象调研,"李栋,袁晓楠",公司612会议室,2025-01-09,2025-01-13
536,000573,粤宏远A,4.29,-1.38,1,"媒体以电子邮件采访沟通,通过公司投资者关系电子邮件书面沟通","公司董事、财务总监、董秘 鄢国根,证券部经理、证券事务代表 朱玉龙,证券部主管 李艺荣",非现场调研,2025-01-13,2025-01-13
537,301600,慧翰股份,187.76,0.3,1,"特定对象调研,现场参观","冯静,潘敏涛,金少明",1#楼5层会议室(一),2025-01-13,2025-01-13
538,002942,新农股份,15.32,-0.33,1,特定对象调研,"副总经理、董事会秘书 姚钢,证券事务经理 卢旻",公司会议室,2025-01-10,2025-01-13
539,605066,天正电气,6.27,0.8,1,其他,"副总经理、董事会秘书、财务总监 黄渊,证券事务代表 郑温雅",腾讯会议,2025-01-10,2025-01-13
540,872953,国子软件,42.0,11.52,1,"特定对象调研,现场参观","总经理 韩承志,董事会秘书 王蕾兵",山东国子软件股份有限公司第一会议室,2025-01-10,2025-01-13
541,002912,中新赛克,28.44,4.37,1,"特定对象调研,现场会议",董事会秘书、财务总监 李斌,南京中新赛克科技有限责任公司会议室,2025-01-09,2025-01-13
542,600177,雅戈尔,8.03,0.0,1,"特定对象调研,现场参观","董事会秘书 冯隽,证券事务代表 曹雨超,证券事务助理 林欣",宁波,2025-01-09,2025-01-13
543,603969,银龙股份,6.66,0.15,1,特定对象调研,"董事会秘书 谢昭庭,证券部部长 杨晓菲",天津银龙预应力材料股份有限公司会议室,2025-01-09,2025-01-13
544,300382,斯莱克,13.32,3.26,123,电话会议,"董事长、总经理 安旭,董秘、副总经理 吴晓燕",电话会议,2025-01-08,2025-01-12
545,301355,南王科技,11.77,0.94,20,特定对象调研,"董事长 陈凯声,副总经理 黄国滨,财务总监 郑清勇,董事会秘书 刘莺莺,战略投资部总监 孙悦",公司会议室,2025-01-10,2025-01-12
546,002916,深南电路,129.2,5.19,18,"特定对象调研,券商策略会,实地调研","副总经理、董事会秘书 张丽君,证券事务主管 阳佩琴,投资者关系经理 郭家旭",公司会议室、华创证券策略会举办地,2025-01-10,2025-01-12
547,002051,中工国际,7.87,0.25,6,"特定对象调研,电话交流会议","董事会秘书 芮红,董事会办公室(深化改革办公室)相关人员",中工国际会议室(现场和电话相结合),2025-01-10,2025-01-12
548,002053,云南能投,11.6,-0.85,2,特定对象调研,"党委书记、董事长 周满富,副总经理、董事会秘书 李政良,战略投资与证券事务部部长 熊艳芳,新能源事业部生产运营分部副部长 周强",公司433会议室,2025-01-10,2025-01-12
549,002489,浙江永强,3.5,1.45,2,特定对象调研,董事会秘书 王洪阳,公司,2025-01-10,2025-01-12
550,300993,玉马科技,10.86,0.74,21,"电话采访,电话会议","副总经理、董事会秘书 杨金玉,证券事务代表 王云雪",公司会议室,2025-01-10,2025-01-11
551,600893,航发动力,38.78,-0.13,13,特定对象调研,"副总经理、总会计师、董事会秘书 任立新,规划发展部副部长 师少博,证券事务代表 宁娇,董事会办公室、财务部有关人员",公司科教文中心第二会议室,2025-01-09,2025-01-11
552,600742,一汽富维,9.16,2.0,9,"特定对象调研,现场参观","公司副总经理、董事会秘书 于森,公司投资者关系室主任 潘滢玥,公司证券管理业务主管 李雨平",公司会议室,2025-01-08,2025-01-11
553,301511,德福科技,14.23,4.86,5,特定对象调研,"董事、副总经理 江泱,副总经理 范远朋,副总经理、董事会秘书 吴丹妮",江西省九江市开发区汽车工业园顺意路15号,2025-01-09,2025-01-11
554,301358,湖南裕能,41.0,-6.84,1,电话会议,"董事、常务副总经理、董事会秘书 汪咏梅,证券事务代表 何美萱",电话会议,2025-01-10,2025-01-11
555,300308,中际旭创,110.62,2.63,119,电话会议,公司副总裁、董事会秘书 王军,,2025-01-10,2025-01-10
556,301439,泓淋电力,18.6,-3.13,47,特定对象调研,董事会秘书 任德超,线上会议,2025-01-10,2025-01-10
557,605162,新中港,6.98,1.01,37,"特定对象调研,电话会议","董事会秘书 密志春,董事、财务总监 吴建红",,2025-01-08,2025-01-10
558,002251,ST步步高,4.08,1.24,34,"特定对象调研,现场参观,路演活动","总裁 邓静,董事会秘书 师茜,战略投资总监 李若瑜,证券事务代表 谭波,步步高超市长沙金星店店长 宁卯霞",步步高超市长沙金星店,2025-01-09,2025-01-10
559,688181,八亿时空,31.7,1.18,33,特定对象调研,"副总经理、董事会秘书 薛秀媛,副总经理 蒋明远",线上及线下会议,2025-01-08,2025-01-10
560,002351,漫步者,17.48,1.16,32,特定对象调研,投资者关系总监 张北,证券公司策略会,2025-01-08,2025-01-10
561,835179,凯德石英,30.12,1.76,30,其他,"董事长 张忠恕,董事会秘书 南舒宇",网络调研,2025-01-08,2025-01-10
562,002497,雅化集团,13.02,-0.61,29,分析师会议,"董事会秘书 郑璐,投资者关系管理 黄国城",四川雅化实业集团股份有限公司会议室(线上会议),2025-01-09,2025-01-10
563,000786,北新建材,29.4,-0.2,28,特定对象调研,"公司副总经理、董事会秘书 李畅,证券事务代表 卢平,投资者关系经理 江秀秀",公司会议室,2025-01-10,2025-01-10
564,600221,海航控股,1.61,1.26,28,特定对象调研,"副总裁 张国平,财务总监 陈垚,董事会秘书 葛兴峰",线上交流,2025-01-09,2025-01-10
565,300502,新易盛,114.56,1.03,22,特定对象调研,"总经理 黄晓雷,副总经理、董事会秘书 王诚,财务总监 林小凤",成都新易盛通信技术股份有限公司会议室,2025-01-10,2025-01-10
566,002269,美邦服饰,2.18,2.83,22,特定对象调研,"董事长、总裁 周成建,董事会秘书 刘宽",上海市浦东新区环桥路208号公司会议室,2025-01-09,2025-01-10
567,300973,立高食品,39.12,1.35,21,现场交流会,"董事长、总经理 彭裕辉,副董事长 赵松涛,董事、副总经理、董事会秘书、财务总监 王世佳",广州市增城区石滩镇兴石一路3号4楼会议室,2025-01-10,2025-01-10
568,688686,奥普特,91.8,5.94,20,"线上会议,券商策略会,现场参观","副总经理、董事会秘书 许学亮,证券事务代表 余丽",广东省东莞市长安镇长安兴发南路66号之一、线上会议,2025-01-09,2025-01-10
569,601665,齐鲁银行,5.73,-2.55,20,"特定对象调研,电话会议","副行长、董事会秘书 胡金良,公司银行部、个人信贷部、风险管理部、计财部、董事会办公室相关人员",齐鲁银行总行大厦会议室,2025-01-08,2025-01-10
570,002124,ST天邦,2.83,-5.03,13,长江证券“开门红系列”电话交流会,"董事会秘书 章湘云,证券事务代表 胡尔丹",电话会议,2025-01-10,2025-01-10
571,835640,富士达,25.76,1.82,13,"特定对象调研,现场参观","董事长 武向文,常务副总经理、董事会秘书 鲁军仓,财务负责人 朱克元",西安市高新区上林苑四路与定昆池二路十字向西200米中航富士达产业基地,2025-01-09,2025-01-10
572,002971,和远气体,19.63,6.57,12,现场参观,"董事会秘书 李吉鹏,公司董秘办相关人员","公司总部,宜昌电子特气及功能性材料产业园",2025-01-10,2025-01-10
573,603165,荣晟环保,12.72,-1.24,11,"特定对象调研,电话会议","副总裁、董事会秘书 胡荣霞,财务总监 沈卫英",线上电话会议,2025-01-10,2025-01-10
574,688307,中润光学,27.47,0.44,10,现场参观,"公司董事、董事会秘书、副总经理 张杰,嘉兴致瑞新材料科技有限公司总经理 来恒杰",公司会议室,2025-01-09,2025-01-10
575,002595,豪迈科技,49.19,-0.69,10,特定对象调研,证券事务代表 赵倩倩,豪迈科技公司接待室,2025-01-08,2025-01-10
576,300772,运达股份,12.75,-0.16,9,特定对象调研,投资者关系经理 葛伟威,运达股份会议室,2025-01-10,2025-01-10
577,688176,亚虹医药,7.21,1.41,8,特定对象调研,"董事、财务负责人、董事会秘书 杨明远,证券事务代表 季德,投资者关系 陈雅亭",公司会议室,2025-01-10,2025-01-10
578,000969,安泰科技,12.1,-0.33,8,特定对象调研,"董事会秘书、副总经理 陈哲,证券事务代表 赵晨,证券事务经理 李媛",公司总部105会议室及线上,2025-01-09,2025-01-10
579,000031,大悦城,2.8,1.82,7,现场参观,"大悦城控股资本市场部 王璇,牟建勋",北京西单大悦城、朝阳大悦城,2025-01-10,2025-01-10
580,002142,宁波银行,25.28,0.16,7,"特定对象调研,现场会议",公司投关团队,公司总部大厦,2025-01-10,2025-01-10
581,000795,英洛华,12.15,-0.33,7,特定对象调研,"董事会秘书 钱英红,财务总监 刘桂平,机电事业部 吴晓峰,永磁事业部 吴美浩",横店,2025-01-09,2025-01-10
582,301331,恩威医药,24.0,0.84,7,特定对象调研,"董事长 薛永江,副总裁 陈磊,副总裁、董事会秘书 胡大伟,证券事务代表 谭永豹",公司会议室,2025-01-09,2025-01-10
583,688326,经纬恒润,110.8,9.7,7,特定对象调研,"总监 章新刚,证券事务代表 高冰",价值在线(www.ir-online.cn),2025-01-09,2025-01-10
584,300397,天和防务,12.04,2.03,6,"特定对象调研,现场参观","公司副总经理、董事会秘书 陈桦,子公司天伟电子总经理 张小虎",公司产品展厅,2025-01-10,2025-01-10
585,600184,光电股份,11.25,4.36,6,"特定对象调研,现场参观","财务总监、董事会秘书 袁勇,证券事务代表、证券管理部部长 籍俊花,投关主管 柳放,韩倩玉",北方光电股份有限公司光电产业园学术报告厅,2025-01-09,2025-01-10
586,688028,沃尔德,21.26,1.19,6,券商组织的策略会,公司副总经理、董事会秘书 陈焕超,深圳,2025-01-08,2025-01-10
587,688132,邦彦技术,20.41,6.69,6,分析师会议,董事会秘书、财务总监 邹家瑞,深圳市龙岗区园山街道大康社区志鹤路100号,2025-01-08,2025-01-10
588,002536,飞龙股份,13.42,-0.07,5,"特定对象调研,电话会议",副总经理、董事会秘书 谢国楼,飞龙汽车部件股份有限公司董秘室(线上),2025-01-10,2025-01-10
589,688139,海尔生物,32.62,-0.58,5,"特定对象调研,电话会议",董事会秘书 黄艳莉,,2025-01-08,2025-01-10
590,002539,云图控股,7.77,-0.89,4,"特定对象调研,现场调研",证券事务代表 陈银,云图控股会议室,2025-01-10,2025-01-10
591,300979,华利集团,68.84,-1.64,4,特定对象调研,董事会秘书 方玲玲,中山,2025-01-10,2025-01-10
592,605296,神农集团,25.36,0.48,4,电话会议,董事会秘书 蒋宏,昆明市东风东路23号昆明恒隆广场办公楼39层办公室,2025-01-09,2025-01-10
593,002096,易普力,10.99,2.42,4,特定对象调研,"董事会秘书 邹七平,证券事务部 王秋英",105会议室、502会议室,2025-01-08,2025-01-10
594,002378,章源钨业,6.86,-0.72,3,"特定对象调研,世纪证券赣州中创国际证券营业部走进上市公司活动","证券事务代表 张翠,董事会办公室 刘敏,刘航",公司展厅、生产线、会议室,2025-01-09,2025-01-10
595,688708,佳驰科技,59.53,-0.1,3,特定对象调研,"董事会秘书 卢肖,证券事务代表 杨柳青",佳驰科技会议室,2025-01-09,2025-01-10
596,000652,泰达股份,4.01,2.04,2,"特定对象调研,现场方式","董事会秘书 冯昱,证券部 白楚琪",公司16层会议室,2025-01-10,2025-01-10
597,301587,中瑞股份,23.8,1.32,2,电话会议,副总经理、董事会秘书 曹燕,公司会议室,2025-01-10,2025-01-10
598,430418,苏轴股份,28.99,0.1,2,线下调研,公司董事、董事会秘书、财务负责人 沈莺,苏州轴承厂股份有限公司第一会议室,2025-01-09,2025-01-10
599,688589,力合微,27.62,2.68,2,"特定对象调研,现场参观","副总经理、董事会秘书 夏镔,董办主任、证券事务代表 龚文静",公司会议室,2025-01-09,2025-01-10
600,688788,科思科技,36.1,4.03,2,"特定对象调研,策略会","副总经理、董事会秘书 陈晨,投融资经理 周洁,证券事务代表 罗文",公司上海会议室,2025-01-09,2025-01-10
601,688557,兰剑智能,20.69,0.1,2,"券商策略会/交流会,现场交流","董新军,韩梅",深圳,2025-01-08,2025-01-10
602,000166,申万宏源,5.18,0.58,1,其他,"申万宏源集团股份有限公司董事会办公室、战略管理部人员 李丹,黄佳怡",电话,2025-01-10,2025-01-10
603,002265,建设工业,30.77,7.66,1,"特定对象调研,现场参观","董事会秘书 蒋伟,证券管理员 廖燕妮",公司展厅、会议室,2025-01-10,2025-01-10
604,300387,富邦科技,8.89,-0.89,1,特定对象调研,"富邦科技证券事务代表 黄飞虎,富邦科技证券部 周捷",线上会议室,2025-01-10,2025-01-10
605,833781,瑞奇智造,8.43,2.18,1,特定对象调研,公司副总经理、董事会秘书 周理江,公司三楼会议室,2025-01-10,2025-01-10
606,002171,楚江新材,8.38,0.6,93,"现场参观,电话会议","楚江新材财务总监 黎明亮,楚江新材董事会秘书 姜鸿文,楚江新材证券事务代表 李旭,楚江新材IR专员 吴寒",安徽楚江科技新材料股份有限公司,2025-01-08,2025-01-09
607,300986,志特新材,14.6,7.27,18,券商策略会,董事会秘书 黄萍,线下券商策略会(上海),2025-01-09,2025-01-09
608,002273,水晶光电,23.32,0.0,12,"特定对象调研,线下及线上调研",IR,,2025-01-08,2025-01-09
609,001283,豪鹏科技,65.45,3.3,11,特定对象调研,"董事会秘书 陈萍,投资者关系 李方静",公司惠州潼湖会议室,2025-01-09,2025-01-09
610,002966,苏州银行,7.6,-1.43,11,"特定对象调研,现场会议","董事会秘书 朱敏军,计划财务部总经理助理 沈若弢,风险管理部、董事会办公室相关人员",苏州银行总行4楼会议室,2025-01-08,2025-01-09
611,002277,友阿股份,5.12,1.79,10,"特定对象调研,线下交流","公司董事会秘书 陈学文,公司证券事务代表 高晟",公司会议室,2025-01-09,2025-01-09
612,000030,富奥股份,5.37,-0.74,9,"特定对象调研,现场参观,参观","富奥汽车零部件股份有限公司董事会秘书 李延军,研发中心副主任 李伟,证券事务代表 刘岩,一汽东机工减振器有限公司规划运营部部长 于湧,研发中心设计部长 邓晓旭,长春工厂厂长 王进中,办公室主任 车锦姬",一汽东机工减振器有限公司,2025-01-09,2025-01-09
613,002948,青岛银行,3.88,-1.02,9,特定对象调研,本行相关部门负责人及工作人员,青岛银行股份有限公司总行6楼会议室,2025-01-09,2025-01-09
614,688700,东威科技,27.8,0.0,9,现场调研,"董事长、总经理 刘建波,副总经理、财务总监 周湘荣,新能源事业部总经理 张振,董事会秘书 徐佩佩",昆山公司一楼会议室,2025-01-08,2025-01-09
615,300157,新锦动力,3.12,2.63,8,特定对象调研,董事、副总经理、董事会秘书 王艳秋,北京市海淀区丰秀中路3号院4号楼现场座谈,2025-01-09,2025-01-09
616,300537,广信材料,17.7,1.32,8,路演活动,董事会秘书 张启斌,深圳嘉里建设广场18楼会议室、深创投广场会议室,2025-01-09,2025-01-09
617,002138,顺络电子,32.11,1.13,7,"特定对象调研,现场会议","董事会秘书 任怡,证券事务代表 张易弛",公司会议室,2025-01-08,2025-01-09
618,000951,中国重汽,18.17,0.33,6,特定对象调研,"董事会秘书助理、证券事务代表 张欣,投关专员 胡啸",公司办公室,2025-01-09,2025-01-09
619,002958,青农商行,2.99,-0.33,6,特定对象调研,"本行高管,相关部门人员",本行4楼会议室,2025-01-09,2025-01-09
620,000718,苏宁环球,2.34,1.74,5,特定对象调研,"财务总监 刘得波,医美集团 马国义,证券部 王燕,赵亚洲",南京市鼓楼区集庆门大街270号公司49楼会议室,2025-01-09,2025-01-09
621,300537,广信材料,17.7,1.32,5,"分析师会议,路演活动",董事会秘书 张启斌,上海凯宾斯基大酒店会议室、中建大厦29楼会议室、汇亚大厦26楼会议室,2025-01-08,2025-01-09
622,839493,并行科技,182.09,30.0,5,特定对象调研,董事会秘书 师健伟,公司会议室,2025-01-08,2025-01-09
623,002345,潮宏基,5.39,2.86,4,特定对象调研,董事会秘书 林育昊,公司会议室,2025-01-08,2025-01-09
624,002916,深南电路,129.2,5.19,3,"特定对象调研,实地调研","副总经理、董事会秘书 张丽君,投资者关系经理 郭家旭",公司会议室,2025-01-09,2025-01-09
625,688653,康希通信,15.4,6.35,3,特定对象调研,证券事务代表 陈玲,线下,2025-01-09,2025-01-09
626,002003,伟星股份,13.94,-0.99,3,"特定对象调研,现场参观",黄志强等,临海,2025-01-08,2025-01-09
627,920016,中草香料,22.59,5.86,3,"特定对象调研,现场参观",董事会秘书 赵娅,公司及子公司会议室、厂区,2025-01-08,2025-01-09
628,000521,长虹美菱,8.01,0.63,2,特定对象调研,"副总裁、董事会秘书 李霞,证券事务主管 肖莉,证券事务经理 吕明",公司行政中心一号会议室,2025-01-09,2025-01-09
629,002275,桂林三金,13.86,1.09,2,"路演活动,线下交流","桂林三金董秘 李春,桂林三金证代 朱烨",会议室,2025-01-09,2025-01-09
630,002797,第一创业,8.06,-0.12,2,华创证券2025年年度策略会,"第一创业证券股份有限公司董事会办公室负责人 施维,第一创业证券股份有限公司投资者关系岗 宋伟涛",深圳福田东海朗廷酒店703会议室,2025-01-09,2025-01-09
631,300949,奥雅股份,40.8,3.06,2,路演活动/策略会,董秘、财务副总监 傅佳敏,东方财富证券2025年度策略会(上海浦东香格里拉大酒店),2025-01-09,2025-01-09
632,301025,读客文化,10.43,3.06,2,特定对象调研,"董事会秘书 刘保瑞,证券事务代表 王琨",上海市闵行区申长路1588弄16号,2025-01-09,2025-01-09
633,301028,东亚机械,11.15,-0.62,2,"特定对象调研,现场参观","董事会秘书 韩文浩,证券事务代表 许志涌",厦门东亚机械工业股份有限公司,2025-01-09,2025-01-09
634,301130,西点药业,27.75,1.28,2,“走进上市公司”活动,"董事长、总经理 张俊,副总经理、董事会秘书 张银姬,财务总监 孟思,证券事务代表 郑圣玉",吉林省长春市卫星路1471号西点药业会议室,2025-01-09,2025-01-09
635,301587,中瑞股份,23.8,1.32,2,电话会议,"副总经理、董事会秘书 曹燕,总经理助理 刘海波",公司会议室,2025-01-09,2025-01-09
636,000538,云南白药,57.28,-0.38,2,电话会议,"投资者关系管理 杨可欣,张昱",集团总部办公大楼,2025-01-08,2025-01-09
637,301196,唯科科技,35.58,-0.14,2,"特定对象调研,现场参观","董事会秘书、副总经理 罗建文,证券事务代表 魏贞",公司会议室,2025-01-08,2025-01-09
638,430418,苏轴股份,28.99,0.1,2,线下调研,公司董事、董事会秘书、财务负责人 沈莺,苏州轴承厂股份有限公司第一会议室,2025-01-08,2025-01-09
639,600177,雅戈尔,8.03,0.0,2,"特定对象调研,电话会议","董事会秘书 冯隽,证券事务代表 曹雨超,证券事务助理 林欣",线上,2025-01-08,2025-01-09
640,000715,中兴商业,6.73,7.34,1,"特定对象调研,现场方式","董事会秘书 杨军,证券事务代表 刘丹",公司会议室,2025-01-09,2025-01-09
641,300387,富邦科技,8.89,-0.89,1,特定对象调研,"富邦科技证券事务代表 黄飞虎,富邦科技证券部 陈龙",线上会议室,2025-01-09,2025-01-09
642,300664,鹏鹞环保,5.22,0.38,1,特定对象调研,公司投资关系总监 陈伟锋,鹏鹞环保股份有限公司-宜兴市高塍镇鹏鹞科技创业园,2025-01-09,2025-01-09
643,688305,科德数控,71.9,0.66,1,现场参观,董事会秘书 朱莉华,大连,2025-01-09,2025-01-09
644,000564,供销大集,2.95,10.07,1,特定对象调研,"董事会秘书 杜璟,证券事务代表 张宏芳,许珂",电话会议,2025-01-08,2025-01-09
645,001267,汇绿生态,9.24,-0.96,1,特定对象调研,公司董事会秘书 严琦,公司会议室,2025-01-08,2025-01-09
646,002275,桂林三金,13.86,1.09,1,"路演活动,线下交流","桂林三金董秘 李春,桂林三金证代 朱烨",会议室,2025-01-08,2025-01-09
647,002838,道恩股份,12.13,-0.82,1,"特定对象调研,现场交流","道恩股份董事、总经理 田洪池,道恩股份副总经理、董事会秘书 王有庆",道恩股份会议室,2025-01-08,2025-01-09
648,600829,人民同泰,7.77,4.02,1,特定对象调研,"董事长、总经理 朱卫东,董事会秘书 王磊",哈药股份办公楼,2025-01-08,2025-01-09
649,000768,中航西飞,25.82,-0.12,81,"特定对象调研,现场参观","公司董事、总经理 韩小军,董事、总会计师 董克功,董事会秘书 雷阎正,规划经营部部长 徐小伟,证券与资本管理部部长 周文东,财务管理部部长 张慧峰,科技与信息化部部长 尹佳,证券事务代表、证券与资本管理部副部长 龚亮,人力资源部副部长 邱福涛,党建和思想政治工作部副部长 韩娜娜",西安市阎良区西飞大道一号西安空地勤保障中心报告厅,2025-01-08,2025-01-08
650,002862,实丰文化,36.14,1.23,16,"特定对象调研,线上调研","副总经理 蔡佳霖,董事、董事会秘书 王依娜,品牌管理部负责人 陈永东,研发设计部负责人 纪一桀",广东省汕头市澄海区澄华工业区实丰文化发展股份有限公司,2025-01-08,2025-01-08
651,000078,海王生物,2.54,3.25,11,特定对象调研,"副总裁、董事局秘书 王云雷,证券事务代表 林健怡,投资者关系管理 戴伊元",深圳市南山区科技园科技中三路1号海王银河科技大厦24楼,2025-01-08,2025-01-08
652,001201,东瑞股份,14.67,0.76,10,公司近期经营情况交流会,"董事、副总裁、董事会秘书、财务总监 曾东强,证券投资部总经理、证券事务代表 谢志铭",公司会议室,2025-01-08,2025-01-08
653,688157,松井股份,38.38,4.15,10,路演活动,"副总经理、董事会秘书 熊开阔,证券事务代表 司新宇",线下会议,2025-01-08,2025-01-08
654,001314,亿道信息,51.96,1.72,9,"线上交流,路演活动","副总经理、董事会秘书 乔敏洋,投资者关系专员 谢蝶",福田香格里拉酒店、线上会议,2025-01-08,2025-01-08
655,002153,石基信息,7.96,6.85,8,特定对象调研,"董秘、副总裁 罗芳,证券部 何龙光",北京市海淀区复兴路甲65号石基信息大厦,2025-01-08,2025-01-08
656,301366,一博科技,48.8,1.86,7,"特定对象调研,券商组织的策略会,现场调研","公司副总经理 王灿钟,公司副总经理、董事会秘书 余应梓,公司证券事务代表 徐焕青",公司深圳总部会议室及福田香格里拉酒店,2025-01-08,2025-01-08
657,688621,阳光诺和,39.24,5.12,7,"特定对象调研,线下会议","董事会秘书 魏丽萍,投资者关系总监 郭心驰",,2025-01-08,2025-01-08
658,000800,一汽解放,8.31,2.72,6,"特定对象调研,现场参观","董事会秘书 王建勋,证券代表 杨育欣,投资者关系管理主任师 王丽",公司会议室,2025-01-08,2025-01-08
659,002916,深南电路,129.2,5.19,4,"特定对象调研,网络,电话会议,实地调研","副总经理、董事会秘书 张丽君,投资者关系经理 郭家旭",公司会议室,2025-01-08,2025-01-08
660,003025,思进智能,15.07,0.33,4,"特定对象调研,现场参观","董事会秘书、副总经理 周慧君,董事、思进犇牛常务副总经理 周敏,证券事务代表 陆爽霁",公司五楼会议室,2025-01-08,2025-01-08
661,300969,恒帅股份,103.49,0.11,3,"特定对象调研,现场参观","董事会秘书 廖维明,证代 蒋瑜",公司会议室,2025-01-08,2025-01-08
662,301371,敷尔佳,35.09,-0.26,3,"特定对象调研,现场参观","董事、董事会秘书、财务负责人 邓百娇,证券事务代表 吴弘,IR(投资者关系管理) 齐鑫鑫",公司三楼桃花岛会议室,2025-01-08,2025-01-08
663,001283,豪鹏科技,65.45,3.3,2,特定对象调研,"董事会秘书 陈萍,投资者关系 李方静",公司深圳会议室,2025-01-08,2025-01-08
664,002063,远光软件,6.58,4.44,2,特定对象调研,"董事会秘书 袁绣华,证券事务代表 刘多纳",线上会议,2025-01-08,2025-01-08
665,002353,杰瑞股份,37.65,-1.95,2,"特定对象调研,现场参观,现场调研参观","董事会秘书 曲宁,投资者关系总监 毛彩霞,证券事务代表 宋翔",公司总部大楼会议室,2025-01-08,2025-01-08
666,002867,周大生,12.36,0.73,2,电话会议,证券事务代表 荣欢,总部会议室,2025-01-08,2025-01-08
667,000950,重药控股,5.3,1.92,1,"特定对象调研,现场会议","董事会秘书、财务总监 邱天,证券事务代表 赵婧,公司IR团队工作人员",公司会议室,2025-01-08,2025-01-08
668,002142,宁波银行,25.28,0.16,1,"特定对象调研,电话会议",公司投关团队,电话会议,2025-01-08,2025-01-08
669,301201,诚达药业,19.94,3.32,1,"特定对象调研,现场参观","董事长 葛建利,副总经理、董事会秘书 杨晓静,证券事务代表 吴忠杰",公司研发楼、展厅、会议室,2025-01-08,2025-01-08
670,301577,美信科技,59.81,1.29,1,特定对象调研,董事会秘书 王丽娟,美信科技会议室,2025-01-08,2025-01-08
